2615462	Eggo Homestyle Waffles	HOMESTYLE WAFFLES
2739464	Eggo Buttermilk Waffles	Kellogg's Eggo Waffles Buttermilk 29.6oz
2657672	Eggo Blueberry Waffles	BLUEBERRY WAFFLES, BLUEBERRY
2657651	Eggo Chocolatey Chip Waffles	CHOCOLATEY CHIP WAFFLES, CHOCOLATEY CHIP
2519002	Eggo Nutri-Grain Low Fat Waffles	Kellogg's Eggo Nutri-Grain Waffles Wheat 24.6oz
2657656	Eggo Buttermilk Pancakes	BUTTERMILK PANCAKES, BUTTERMILK
2736343	Eggo Thick & Fluffy Waffles	Kellogg's Eggo Waffles Thick & Fluffy Original 23.2oz
2665708	Kodiak Power Waffles, Buttermilk	BUTTERMILK & VANILLA POWER WAFFLES, BUTTERMILK & VANILLA
2665712	Kodiak Power Waffles, Chocolate Chip	CHOCOLATE CHIP POWER WAFFLES, CHOCOLATE CHIP
1942879	Kodiak Power Cakes Mix, Buttermilk	FLAPJACK & WAFFLE MIX, BUTTERMILK
2665685	Kodiak Power Cakes Mix, Chocolate Chip	CHOCOLATE CHIP POWER CAKES FLAPJACK & WAFFLE MIX, CHOCOLATE CHIP
2665655	Kodiak Oatmeal Cup, Maple Brown Sugar	MAPLE & BROWN SUGAR OATMEAL, MAPLE & BROWN SUGAR
2571655	Van's Protein Waffles	PROTEIN ORIGINAL WAFFLES
2736934	Jimmy Dean Delights Turkey Sausage Egg White Muffin	Turkey Sausage Muffin Made with Whole Grain Egg White & Cheese
2736913	Jimmy Dean Sausage Egg & Cheese Biscuit	Sausage, Egg & Cheese Biscuit Sandwich
2736948	Jimmy Dean Sausage Egg & Cheese Croissant	Sausage, Egg and Cheese Croissant Sandwich
2581397	Jimmy Dean Pancakes & Sausage on a Stick	ORIGINAL PANCAKES & SAUSAGE STICKS, ORIGINAL
2736919	Jimmy Dean Meat Lovers Breakfast Bowl	Jimmy Dean Breakfast Bowl Meat Lovers, Frozen, 7 oz Bowl
2676163	Jimmy Dean Fully Cooked Turkey Sausage Links	TURKEY SAUSAGE LINKS, TURKEY
2623956	Jimmy Dean Premium Pork Sausage	PREMIUM PORK SAUSAGE
2623984	Jimmy Dean Turkey Sausage Crumbles	TURKEY SAUSAGE CRUMBLES, TURKEY
2599574	Just Egg Plant-Based Egg	JUST EGG PLANT-BASED EGG, 16 OZ
2406925	Egg Beaters Original	ORIGINAL REAL EGG PRODUCT, ORIGINAL
2665662	All Whites Liquid Egg Whites	100% LIQUID EGG WHITES
2604742	Real Good Foods Meat Lovers Breakfast Bowl	MEAT LOVERS BREAKFAST BOWL
1922049	Evol Bean & Cheddar Burrito	BEAN & CHEDDAR BURRITO
2090598	Red's Braised Chicken Burrito	BURRITO, BRAISED CHICKEN
2674263	Dave's Killer Bread 21 Whole Grains and Seeds	DAVE'S KILLER BREAD, 21 WHOLE GRAINS AND SEEDS ORGANIC BREAD
2674261	Dave's Killer Bread Thin-Sliced 21 Whole Grains	DAVE'S KILLER BREAD, ORGANIC THIN-SLICED 21 WHOLE GRAINS AND SEEDS BREAD
2560481	Dave's Killer Bread Good Seed	DAVE'S KILLER BREAD GOOD SEED ORGANIC BREAD, 27 OZ
2674266	Dave's Killer Bread White Bread Done Right	DAVE'S KILLER BREAD, WHITE BREAD
2490632	Dave's Killer Bread Powerseed	DAVE'S KILLER BREAD, POWERSEED, ORGANIC BREAD
2560483	Dave's Killer Bread Plain Awesome Bagels	PLAIN AWESOME ORGANIC BAGELS
2560485	Dave's Killer Bread Epic Everything Bagels	EPIC EVERYTHING ORGANIC BAGELS
2674291	Dave's Killer Bread Rockin' Grains English Muffins	ROCKIN' GRAINS ORGANIC ENGLISH MUFFINS, ROCKIN' GRAINS
2634131	Nature's Own 100% Whole Wheat Bread	100% WHOLE WHEAT BREAD
2056173	Nature's Own Butterbread	ENRICHED BUTTERBREAD
1904308	Nature's Own Honey Wheat Bread	WHEAT BREAD, HONEY
2486465	Sara Lee Classic White Bread	CLASSIC WHITE BREAD, CLASSIC WHITE
2569518	Sara Lee Honey Wheat Bread	HONEY WHEAT BREAD, HONEY
2127526	Sara Lee Delightful Wheat Bread	DELIGHTFUL BREAD, WHEAT
2117807	Oroweat Whole Wheat Bread	100% WHOLE WHEAT
2126055	Oroweat 12 Grain Bread	12 GRAIN BREAD, 12 GRAIN
683576	Oroweat Country Buttermilk Bread	COUNTRY BUTTERMILK BREAD
2464060	Oroweat Sourdough Bread	SOURDOUGH COUNTRY STYLE BREAD, SOURDOUGH
2569016	Wonder Classic White Bread	CLASSIC WHITE BREAD
2657279	King's Hawaiian Original Sweet Rolls	HAWAIIAN SWEET ROLLS, ORIGINAL
2580441	King's Hawaiian Sweet Hamburger Buns	HAMBURGER BUNS, HAWAIIAN SWEET
2104937	Thomas' Plain Bagels	PLAIN BAGELS, PLAIN
2191638	Thomas' Everything Bagels	EVERYTHING BAGELS, EVERYTHING
2431281	Thomas' Original English Muffins	ENGLISH MUFFINS, ORIGINAL
2434645	Thomas' Whole Wheat English Muffins	100% WHOLE WHEAT ENGLISH MUFFINS
2698107	Pepperidge Farm Farmhouse Hearty White	Pepperidge Farm Farmhouse Hearty White Bread, 24 Oz Loaf
2677229	Martin's Potato Rolls	POTATO ROLLS
1915298	Mission Carb Balance Flour Tortillas	CARB BALANCE FLOUR TORTILLAS
2569905	Mission Flour Tortillas, Soft Taco	SOFT TACO FLOUR TORTILLAS
2657277	Mission Flour Tortillas, Burrito	FLOUR BURRITO TORTILLAS, FLOUR
2410817	Mission Street Taco Corn Tortillas	STREET TACOS CORN TORTILLAS
2598493	Mission Yellow Corn Tortillas	YELLOW CORN TORTILLAS
2598505	Mission Tortilla Triangles	MISSION TORTILLA TRIANGLES, 13 OZ
2163733	Guerrero Flour Tortillas	FLOUR TORTILLAS
2430970	Guerrero White Corn Tortillas	WHITE CORN TORTILLAS, WHITE CORN
2395953	Tortilla Land Uncooked Flour Tortillas	FLOUR TORTILLAS
2669671	Siete Almond Flour Tortillas	ALMOND FLOUR GRAIN FREE TORTILLAS, ALMOND FLOUR
2607557	Siete Cassava Flour Tortillas	CASSAVA FLOUR GRAIN FREE TORTILLAS
2483201	Kirkland Signature Butter Croissants	BUTTER CROISSANT, BUTTER
2604071	PopCorners Sea Salt	SEA SALT POPPED-CORN SNACK, SEA SALT
1904099	PopCorners White Cheddar	POPPED CORN CHIPS, WHITE CHEDDAR
2551334	PopCorners Kettle Corn	SWEET & SALTY KETTLE CORN, SWEET & SALTY
2511761	PopCorners Sweet Chili	SWEET CHILI POPPED-CORN SNACK, SWEET CHILI
2509239	PopCorners Spicy Queso	SPICY QUESO POPPED-CORN SNACK, SPICY QUESO
2664204	SkinnyPop Original Popcorn	POPCORN
1853868	SkinnyPop White Cheddar Popcorn	POPCORN, WHITE CHEDDAR
2738267	Boom Chicka Pop Sea Salt Popcorn	ANGIES Sea Salt Popcorn
2736979	Angie's Boom Chicka Pop Sweet & Salty Kettle Corn	ANGIES Sweet and Salty Kettle Corn
1664408	Smartfood White Cheddar Popcorn	POPCORN, WHITE CHEDDAR CHEESE
2607855	LesserEvil Himalayan Sweetness Popcorn	HIMALAYAN SWEETNESS POPCORN, HIMALAYAN SWEETNESS
2518267	Orville Redenbacher's Super Butter Popcorn	ORVILLE REDENBACHERS Super Butter
2594930	Pop Secret Movie Theater Butter Popcorn	MOVIE THEATER BUTTER PREMIUM POPCORN, BUTTER
2674151	Pirate's Booty Aged White Cheddar	AGED WHITE CHEDDAR
1663207	Lay's Classic Potato Chips	POTATO CHIPS, CLASSIC
1633760	Lay's Barbecue Potato Chips	POTATO CHIPS, BARBECUE
1663096	Lay's Sour Cream & Onion	POTATO CHIPS, SOUR CREAM & ONION
1600944	Baked Lay's Original	BAKED POTATO CRISPS, ORIGINAL
2496938	Lay's Kettle Cooked Original	ORIGINAL KETTLE COOKED POTATO CHIPS, ORIGINAL
2389144	Kettle Brand Sea Salt Potato Chips	SEA SALT POTATO CHIPS, SEA SALT
1912050	Kettle Brand Salt & Pepper Potato Chips	POTATO CHIPS, SEA SALT & CRUSHED BLACK PEPPERCORNS
2435349	Cape Cod Original Kettle Cooked Chips	KETTLE COOKED POTATO CHIPS, ORIGINAL
1727028	Ruffles Original	POTATO CHIPS, ORIGINAL
1726775	Ruffles Cheddar & Sour Cream	POTATO CHIPS, CHEDDAR & SOUR CREAM
1633706	Doritos Nacho Cheese	TORTILLA CHIPS, NACHO CHEESE
1635156	Doritos Cool Ranch	TORTILLA CHIPS, COOL RANCH
1594163	Doritos Spicy Sweet Chili	CHIPS, SPICY SWEET CHILI
1663995	Cheetos Crunchy	CRUNCHY, CHEESE FLAVORED SNACKS
1633354	Cheetos Crunchy Flamin' Hot	CRUNCHY SNACKS, XXTRA FLAMIN' HOT
1633347	Cheetos Puffs	CHEESE PUFFS SNACKS
2554005	Takis Fuego	FUEGO HOT CHILI PEPPER & LIME TORTILLA CHIPS, FUEGO
2496675	Fritos Original Corn Chips	CORN CHIPS, THE ORIGINAL
2667518	SunChips Harvest Cheddar	HARVEST CHEDDAR WHOLE GRAIN SNACKS, HARVEST CHEDDAR
1728718	Funyuns Onion Flavored Rings	ONION FLAVORED RINGS, ONION
2739556	Pringles Original	Pringles Crisps Original 5.2oz
2739557	Pringles Sour Cream & Onion	Pringles Crisps Sour Cream & Onion 5.5oz
2672493	Tostitos Original Restaurant Style	ORIGINAL RESTAURANT STYLE TORTILLA CHIPS, ORIGINAL
1459936	Tostitos Scoops	10.00OZ TOSTITOS SCOOPS
1664699	Tostitos Hint of Lime	FLAVORED TORTILLA CHIPS, HINT OF LIME
2598513	Mission Restaurant Style Tortilla Chips	RESTAURANT STYLE THIN & CRISPY TORTILLA CHIPS
2096226	Late July Multigrain Tortilla Chips, Sea Salt	MULTIGRAIN TORTILLA CHIPS, SEA SALT
2665151	Siete Sea Salt Grain Free Tortilla Chips	SEA SALT GRAIN FREE TORTILLA CHIPS, SEA SALT
2604021	Siete Lime Tortilla Chips	LIME MAIZ TOTOPOS CORN TORTILLA CHIPS, LIME
2042354	Kirkland Signature Organic Tortilla Chips	ORGANIC TORTILLA CHIPS
2368040	Kirkland Signature Krinkle Cut Potato Chips	HIMALAYAN SALT KRINKLE CUT POTATO CHIPS, HIMALAYAN SAIT
2669730	Quest Protein Chips, Nacho Cheese	NACHO CHEESE TORTILLA STYLE PROTEIN CHIPS, NACHO CHEESE
2669733	Quest Protein Chips, Ranch	RANCH TORTILLA STYLE PROTEIN CHIPS, RANCH
2659098	Quest Tortilla Style Protein Chips, Loaded Taco	TORTILLA STYLE LOADED TACO FLAVOR PROTEIN CHIPS
2669752	Quest Protein Chips, Sour Cream & Onion	PROTEIN CHIPS SOUR CREAM & ONION FLAVOR
1925276	Harvest Snaps Lightly Salted	ORIGINAL GREEN PEA CRISPS, LIGHTLY SALTED
2284788	Hippeas White Cheddar Chickpea Puffs	ORGANIC CHICKPEA PUFFS, VEGAN WHITE CHEDDAR
1903823	Sensible Portions Garden Veggie Straws	GARDEN VEGGIE STRAWS, SEA SALT
2674345	Goldfish Cheddar Crackers	CHEDDAR BAKED SNACK CRACKERS, CHEDDAR
2658679	Cheez-It Original	ORIGINAL BAKED SNACK CRACKERS, ORIGINAL
2617969	Cheez-It White Cheddar	WHITE CHEDDAR BAKED SNACK CRACKERS, WHITE CHEDDAR
2596824	Ritz Original Crackers	ORIGINAL CRACKERS
2679118	Triscuit Original	ORIGINAL CRACKERS
2655819	Wheat Thins Original	ORIGINAL SNACKS, ORIGINAL
2164512	Club Crackers Original	ORIGINAL CRACKERS, ORIGINAL
2607285	Simple Mills Almond Flour Crackers, Sea Salt	ALMOND FLOUR FINE GROUND SEA SALT CRACKERS, SEA SALT
1937978	Mary's Gone Crackers Original	ORGANIC CRACKERS, ORIGINAL
2434822	Snyder's Mini Pretzels	MINI PRETZELS
1919333	Snyder's Honey Mustard & Onion Pretzel Pieces	HONEY MUSTARD & ONION
1726784	Rold Gold Tiny Twists	TINY TWISTS PRETZELS, ORIGINAL
2051125	Dot's Homestyle Pretzels	HOMESTYLE PRETZELS
1459571	Rice cakes, Quaker Lightly Salted	Quaker Rice Cakes Lightly Salted 4.47 Ounce Plastic Bag
2598395	Lundberg Brown Rice Cakes, Lightly Salted	BROWN RICE LIGHTLY SALTED PUFFED GRAIN CAKES
2573719	Stacy's Simply Naked Pita Chips	SIMPLY NAKED
1630017	Chex Mix Traditional	SNACK MIX, TRADITIONAL
2694848	Gardetto's Original	Gardetto's Original Recipe Crisps
2652237	Chomps Original Beef Stick	ORIGINAL BEEF STICKS, ORIGINAL
2284391	Jack Link's Original Beef Jerky	ORIGINAL BEEF JERKY
2658608	Jack Link's Teriyaki Beef Jerky	TERIYAKI,BEEF JERKY
2034190	Jack Link's Beef Steak Original	BEEF STEAK
2733057	Slim Jim Original	SLIM JIM Original Snacks
2120316	Country Archer Original Beef Jerky	BEEF JERKY, ORIGINAL
2150976	People's Choice Carne Seca Beef Jerky	CARNE SECA HANDMADE BEEF JERKY, ORIGINAL
2655492	Kirkland Signature Turkey Jerky	ORIGINAL TURKEY JERKY, ORIGINAL
2655489	Kirkland Signature Steak Strips	STEAK EXTRA THICK CUT STRIPS, STEAK
2009318	Kirkland Signature Extra Fancy Mixed Nuts	MIXED NUTS
2626301	Kirkland Signature Trek Mix	TREK MIX
2009213	Kirkland Signature Whole Cashews	WHOLE FANCY CASHEWS
1901214	Kirkland Signature Dry Roasted Almonds, Sea Salt	DRY ROASTED ALMONDS, SEA SALT
1968301	Kirkland Signature Praline Pecans	PRALINE PECANS
2009462	Kirkland Signature Walnuts	WALNUTS
2078175	Wonderful Pistachios Roasted & Salted	ROASTED & SALTED PISTACHIOS
726868	Wonderful Pistachios No Shells	ROASTED & SALTED NO SHELLS PISTACHIOS
2672927	Blue Diamond Smokehouse Almonds	SMOKEHOUSE ALMONDS, SMOKEHOUSE
2672747	Blue Diamond Whole Natural Almonds	WHOLE NATURAL ALMONDS
2104770	Blue Diamond Lightly Salted Almonds	ALMONDS, LIGHTLY SALTED
2614934	Planters Dry Roasted Peanuts	DRY ROASTED PEANUTS
2657936	Planters Deluxe Mixed Nuts	DELUXE SALTED MIXED NUTS
2614936	Planters Honey Roasted Peanuts	HONEY ROASTED PEANUTS, HONEY
2437351	Sun-Maid Raisins	RAISINS
2671720	Welch's Mixed Fruit Snacks	FRUIT SNACKS, MIXED FRUIT
1728923	Mott's Tropical Fruit Snacks	TROPICAL FRUIT FLAVORED SNACKS, TROPICAL FRUIT
2432174	That's It Apple + Mango Fruit Bar	FRUIT BAR, APPLE MANGO
563976	Bare Crunchy Apple Chips	APPLE CHIPS
2622743	Made Good Strawberry Granola Minis	STRAWBERRY GRANOLA MINIS, STRAWBERRY
2669765	Quest Bar, Chocolate Chip Cookie Dough	CHOCOLATE CHIP COOKIE DOUGH PROTEIN BARS, CHOCOLATE CHIP COOKIE DOUGH
1903553	Quest Bar, Cookies & Cream	PROTEIN BAR, COOKIES & CREAM
2669726	Quest Bar, Birthday Cake	BIRTHDAY CAKE PROTEIN BARS, BIRTHDAY CAKE
1939409	Quest Bar, Peanut Butter	PROTEIN BAR, PEANUT BUTTER SUPREME
1909022	Quest Bar, Chocolate Brownie	PROTEIN BAR, CHOCOLATE BROWNIE
2669774	Quest Bar, S'mores	S'MORES PROTEIN BAR, S'MORES
2669742	Quest Hero Bar, Blueberry Cobbler	PROTEIN BAR, BLUEBERRY COBBLER
2666693	ONE Bar, Birthday Cake	BIRTHDAY CAKE FLAVORED PROTEIN BARS, BIRTHDAY CAKE
2666695	ONE Bar, Peanut Butter Pie	PEANUT BUTTER PIE FLAVORED PROTEIN BAR, PEANUT BUTTER PIE
2666688	ONE Bar, Maple Glazed Doughnut	MAPLE GLAZED DOUGHNUT FLAVORED PROTEIN BAR, MAPLE GLAZED DOUGHNUT
2593341	Barebells Salty Peanut Protein Bar	SALTY PEANUT PROTEIN BARS, SALTY PEANUT
2643090	Barebells Cookies & Cream Protein Bar	COOKIES & CREAM PROTEIN BARS, COOKIES & CREAM
2663833	Barebells Caramel Cashew Protein Bar	CARAMEL-CASHEW PROTEIN BAR, CARAMEL-CASHEW
2630529	Built Puff, Coconut	COCONUT PUFF
2628806	RXBAR Chocolate Sea Salt	CHOCOLATE SEA SALT, CHOCOLATE
2670034	RXBAR Peanut Butter Chocolate	PEANUT BUTTER CHOCOLATE
1896500	RXBAR Blueberry	PROTEIN BAR, BLUEBERRY
1894976	Pure Protein Bar, Chocolate Deluxe	BAR, CHOCOLATE DELUXE
2490707	Pure Protein Bar, Chocolate Peanut Butter	BAR, CHOCOLATE, PEANUT BUTTER
1908397	Premier Protein Bar, Chocolate Peanut Butter	HIGH PROTEIN BAR, CHOCOLATE PEANUT BUTTER
2417296	Kirkland Signature Chewy Protein Bar, Peanut Butter & Chocolate Chip	PEANUT BUTTER & SEMISWEET CHOCOLATE CHIP CHEWY PROTEIN BARS, PEANUT BUTTER & SEMISWEET CHOCOLATE CHIP
2160566	Kirkland Signature Protein Bar, Chocolate Peanut Butter Chunk	CHOCOLATE PEANUT BUTTER CHUNK PROTEIN BAR, CHOCOLATE PEANUT BUTTER CHUNK
2659987	Clif Bar Chocolate Chip	CHOCOLATE CHIP ENERGY BARS
2670754	Clif Bar Crunchy Peanut Butter	CRUNCHY PEANUT BUTTER ENERGY BARS, CRUNCHY PEANUT BUTTER
2660106	Clif Bar White Chocolate Macadamia	WHITE CHOCOLATE MACADAMIA WHOLE NUTRITION BAR, WHITE CHOCOLATE MACADAMIA
1864907	KIND Dark Chocolate Nuts & Sea Salt	NUTS & SPICES BARS, DARK CHOCOLATE NUTS & SEA SALT
2666117	KIND Protein Bar, Crunchy Peanut Butter	CRUNCHY PEANUT BUTTER PROTEIN BARS, CRUNCHY PEANUT BUTTER
2626449	KIND Caramel Almond & Sea Salt	CARAMEL ALMOND & SEA SALT
1630991	Nature Valley Crunchy Oats 'n Honey	GRANOLA BARS, OATS 'N HONEY
1663116	Nature Valley Sweet & Salty Peanut	SWEET & SALTY NUT GRANOLA BARS, PEANUT
1664253	Nature Valley Protein Peanut Butter Dark Chocolate	PROTEIN CHEWY BARS, PEANUT BUTTER DARK CHOCOLATE
2721447	Larabar Peanut Butter Chocolate Chip	Larabar Peanut Butter Chocolate Chip Fruit & Nut Bar
2675172	Larabar Cashew Cookie	CASHEW COOKIE BARS, CASHEW COOKIE
2664744	Perfect Bar Dark Chocolate Chip Peanut Butter	DARK CHOCOLATE CHIP PEANUT BUTTER WITH SEA SALT PROTEIN BAR, DARK CHOCOLATE CHIP PEANUT BUTTER WITH SEA SALT
2666608	Think! High Protein Bar, Brownie Crunch	BROWNIE CRUNCH HIGH PROTEIN BARS, BROWNIE CRUNCH
1663126	Fiber One Chewy Bar, Oats & Chocolate	CHEWY BARS, OATS & CHOCOLATE
2738691	Fiber One Brownie, Chocolate Fudge	Fiber One 70 Calorie Chocolate Fudge Brownies 6 Count
2672575	Quaker Chewy Chocolate Chip Granola Bar	CHOCOLATE CHIP CHEWY GRANOLA BARS, CHOCOLATE CHIP
2657666	Rice Krispies Treats, Original	ORIGINAL CRISPY MARSHMALLOW SQUARES
2666677	Lenny & Larry's Complete Cookie, Chocolate Chip	CHOCOLATE CHIP COOKIES, CHOCOLATE CHIP
2272742	Lenny & Larry's Complete Cookie, Birthday Cake	BIRTHDAY CAKE COOKIES, BIRTHDAY CAKE
2664119	Legendary Foods Protein Pastry, Brown Sugar Cinnamon	BROWN SUGAR CINNAMON TASTY PASTRY, BROWN SUGAR CINNAMON
1893134	Nature's Bakery Fig Bar, Original	FIG BAR
2655810	belVita Blueberry Breakfast Biscuits	BLUEBERRY BREAKFAST BISCUITS, BLUEBERRY
2550700	Kind Minis Dark Chocolate	DARK CHOCOLATE CHEWY MINIS BARS, DARK CHOCOLATE
2491052	Premier Protein Shake, Chocolate	HIGH PROTEIN SHAKE, CHOCOLATE
2622652	Premier Protein Shake, Vanilla	VANILLA HIGH PROTEIN SHAKE, VANILLA
2488868	Premier Protein Shake, Caramel	HIGH PROTEIN SHAKE, CARAMEL
2666273	Premier Protein Shake, Cafe Latte	HIGH PROTEIN 30G SHAKE, CAFE LATTE, CAFE LATTE
2666272	Premier Protein Shake, Cookies & Cream	COOKIES & CREAM HIGH PROTEIN SHAKE, COOKIES & CREAM
2477557	Premier Protein Powder, Chocolate Milkshake	100% WHEY+ PROTEIN POWDER, CHOCOLATE MILKSHAKE
2668980	Fairlife Core Power Elite 42g, Chocolate	ELITE HIGH COMPLETE PROTEIN 42 G MILK SHAKE, CHOCOLATE, CHOCOLATE
2501670	Fairlife Nutrition Plan 30g Protein Shake, Vanilla	PROTEIN 30 G NUTRITION SHAKE, VANILLA, VANILLA
2624248	Fairlife 2% Ultra-Filtered Milk	2% REDUCED FAT ULTRA-FILTERED MILK
2651511	Fairlife DHA Omega-3 Whole Milk	DHA OMEGA-3 ULTRA-FILTERED WHOLE MILK
2651853	Fairlife 2% Chocolate Milk	CHOCOLATE 2% REDUCED FAT ULTRA-FILTERED MILK, CHOCOLATE
2626335	Muscle Milk Genuine Protein Shake, Chocolate	GENUINE PROTEIN 25 GRAMS SHAKE, CHOCOLATE, CHOCOLATE
2114497	Muscle Milk Pro Series, Knockout Chocolate	MUSCLE MILK, PRO SERIES PROTEIN POWDER, KNOCKOUT CHOCOLATE
2543848	Orgain Organic Protein Shake, Creamy Chocolate	NUTRITIONAL PROTEIN SHAKE, CREAMY CHOCOLATE
2322966	Orgain Organic Protein Powder, Chocolate	PLANT BASED PROTEIN POWDER, CHOCOLATE
2607302	OWYN Elite Pro Chocolate Shake	ELITE PRO CHOCOLATE SHAKES, CHOCOLATE
1718847	Ensure Max Protein, Milk Chocolate	MILK CHOCOLATE MAX PROTEIN NUTRITION SHAKE, MILK CHOCOLATE
2670318	Slate Chocolate Milk	CHOCOLATE FLAVORED ULTRA-FILTERED MILK, CHOCOLATE
2464134	Optimum Nutrition Gold Standard Whey, Double Rich Chocolate	DOUBLE RICH CHOCOLATE GOLD STANDARD 100% WHEY PROTEIN POWDER DRINK MIX, DOUBLE RICH CHOCOLATE
2464137	Optimum Nutrition Gold Standard Whey, Vanilla Ice Cream	VANILLA ICE CREAM GOLD STANDARD 100% WHEY PROTEIN POWDER DRINK MIX, VANILLA ICE CREAM
732830	Dymatize ISO100 Whey Isolate, Chocolate	CLASSIC CHOCOLATE 100% WHEY ISOLATE PROTEIN POWDER
2325670	Isopure Protein Powder, Dark Chocolate	DARK CHOCOLATE PROTEIN POWDER, DARK CHOCOLATE
2663907	Ghost Whey Protein, Nutter Butter	WHEY PROTEIN 26 G POWDER, NUTTER BUTTER, NUTTER BUTTER
1949964	Muscle Milk Protein Powder, Chocolate	PROTEIN POWDER, CHOCOLATE
2603250	Body Fortress Protein Shake, Chocolate	CHOCOLATE HIGH PROTEIN SHAKE, CHOCOLATE
2665367	PB2 Powdered Peanut Butter	POWDERED PEANUT BUTTER
2167837	PBfit Peanut Butter Powder	PEANUT BUTTER POWDER, PEANUT BUTTER
2592321	Celsius Sparkling Orange	SPARKLING ORANGE ENERGY DRINK, ORANGE
2491190	Red Bull Energy Drink	ENERGY DRINK
2666022	Red Bull Sugarfree	SUGARFREE ENERGY DRINK
2680681	Monster Energy Original	ENERGY DRINK
2680583	Monster Energy Zero Ultra	ENERGY DRINK, ZERO ULTRA
2670694	Ghost Energy, Orange Cream	ORANGE CREAM ENERGY DRINK, ORANGE CREAM
2664108	Alani Nu Energy, Breezeberry	BREEZEBERRY ENERGY DRINK, BREEZEBERRY
2604546	C4 Energy, Skittles	SKITTLES ORIGINAL PERFORMANCE ENERGY DRINK
2601912	Bang Energy, Miami Cola	MIAMI COLA ENERGY DRINK
2523801	Gatorade Thirst Quencher, Lemon-Lime	LEMON LIME THIRST QUENCHER, LEMON LIME
2534286	Gatorade Thirst Quencher, Fruit Punch	FRUIT PUNCH THIRST QUENCHER, FRUIT PUNCH
2523802	Gatorade Thirst Quencher, Cool Blue	COOL BLUE THIRST QUENCHER, COOL BLUE
2678881	Gatorade Zero, Glacier Freeze	GLACIER CHERRY ZERO SUGAR THIRST QUENCHER, GLACIER CHERRY
2088133	Gatorade G2	G2 THIRST QUENCHER GATORADE
1602790	BodyArmor Sports Drink, Strawberry Banana	STRAWBERRY BANANA SUPERDRINK
2670375	BodyArmor Lyte	PEACH MANGO LYTE SUPERDRINK, PEACH MANGO
2566553	Powerade Mountain Berry Blast	MOUNTAIN BERRY BLAST SPORTS DRINK, MIXED BERRY
2668487	Prime Hydration, Glowberry	GLOWBERRY HYDRATION DRINK
2669661	Liquid I.V. Hydration Multiplier, Lemon Lime	HYDRATION POWDER DRINK MIX, LEMON LIME
2211199	Coca-Cola	COLA
2622180	Diet Coke	DIET COLA
2596997	Coca-Cola Zero Sugar	ZERO SUGAR BOTTLE
2674039	Pepsi	COLA
2737314	Sprite	Sprite Bottle, 2 Liters
2443341	Dr Pepper	SODA
1627723	Mountain Dew	SODA
2584828	Olipop Vintage Cola	VINTAGE COLA SPARKLING SODA, COLA
2657085	Poppi Strawberry Lemon	STRAWBERRY LEMON PREBIOTIC SODA, STRAWBERRY; LEMON
2560334	LaCroix Sparkling Water	BEACH PLUM SPARKLING WATER
719496	Bubly Sparkling Water	WATERMELON SPARKLING WATER
2666017	AriZona Green Tea with Ginseng and Honey	GREEN TEA, GINSENG AND HONEY
2546520	Snapple Peach Tea	PEACH TEA, PEACH
2522517	Pure Leaf Sweet Tea	SWEET TEA, SWEET
497084	Starbucks Frappuccino, Mocha	STARBUCKS, FRAPPUCCINO, CHILLED COFFEE DRINK , MOCHA
1458048	Starbucks Doubleshot Energy, White Chocolate	Starbucks Doubleshot Energy White Chocolate Energy Coffee Beverage 15Fluid Ounce Can
2577614	Starbucks Cold Brew, Black	BLACK UNSWEET COLD BREW PREMIUM COFFEE BEVERAGE
489495	La Colombe Draft Latte	DRAFT LATTE
2381719	Kirkland Signature Cold Brew Coffee	100% COLOMBIAN COLD BREW COFFEE, 100% COLOMBIAN
2731692	Coffee mate Original Creamer	COFFEE-MATE Original Tubs 48x0.375floz
2158633	Coffee mate French Vanilla Creamer	FRENCH VANILLA COFFEE CREAMER
2724244	Coffee mate Natural Bliss Sweet Cream	COFFEE MATE NATURAL BLISS Sweet Cream Liquid Coffee Creamer, 16 fl. oz. Bottle
1936233	International Delight French Vanilla Creamer	CREAMER SINGLES, FRENCH VANILLA
2640209	Chobani Coffee Creamer, Sweet Cream	SWEET CREAM COFFEE CREAMER, SWEET CREAM
2384400	Nutpods Original Oat Creamer	ORIGINAL OAT CREAMER, ORIGINAL
2309560	Oatly Oat Milk, Original	ORIGINAL OATMILK, ORIGINAL
2677672	Oatly Oat Milk, Barista Edition	BARISTA EDITION OATMILK
2467022	Silk Unsweetened Almond Milk	UNSWEETENED ALMONDMILK, UNSWEETENED
2466729	Silk Original Almond Milk	ORIGINAL ALMONDMILK, ORIGINAL
2618020	Silk Original Soymilk	SOYMILK, ORIGINAL
2450904	Califia Farms Unsweetened Almond Milk	UNSWEETENED ALMONDMILK, UNSWEETENED
2541771	Califia Farms Vanilla Oatmilk	VANILLA OATMILK, VANILLA
2161222	Chobani Oat Milk, Plain	PLAIN OAT DRINK, PLAIN
2590540	Planet Oat Original Oatmilk	ORIGINAL OATMILK, ORIGINAL
2501222	Lactaid 2% Reduced Fat Milk	2% REDUCED FAT MILK
2488073	Clover Sonoma Organic Whole Milk	WHOLE MILK
2614853	Nesquik Chocolate Milk	CHOCOLATE 1% LOWFAT MILK, CHOCOLATE
2675448	Simply Orange Pulp Free	PULP FREE ORANGE JUICE, PULP FREE
1459085	Tropicana Pure Premium Original	Tropicana Pure Premium Original No Pulp Orange Juice 128 Fluid Ounce Plastic Jug
2107960	Minute Maid Apple Juice	100% JUICE, APPLE
2476106	Naked Green Machine	GREEN MACHINE FLAVORED BLEND OF 5 JUICES, GREEN MACHINE
2736825	Naked Mighty Mango	Naked 100% Juice Blend Mighty Mango 10 Fl Oz
2616412	Bolthouse Farms Green Goodness	GREEN GOODNESS 100% FRUIT JUICE SMOOTHIE, KIWI; APPLE; MANGO
2265246	Suja Mighty Dozen	MIGHTY DOZEN VEGETABLE & FRUIT JUICE DRINK, MIGHTY DOZEN
2602838	GT's Synergy Kombucha, Gingerade	GINGERADE RAW KOMBUCHA, GINGER
2602835	GT's Synergy Kombucha, Trilogy	TRILOGY RAW KOMBUCHA
2266149	Kirkland Signature Organic Coconut Water	ORGANIC COCONUT WATER
2588046	Vita Coco Coconut Water	COCONUT WATER
2677490	Capri Sun Pacific Cooler	PACIFIC COOLER MIXED FRUIT JUICE DRINK BLEND, PACIFIC COOLER
2511770	Chobani Greek Yogurt, Plain Nonfat	PLAIN NON-FAT GREEK YOGURT, PLAIN
2185466	Chobani Greek Yogurt, Vanilla	GREEK YOGURT, VANILLA
2105448	Chobani Greek Yogurt, Strawberry	GREEK YOGURT, STRAWBERRY
1930053	Chobani Greek Yogurt, Blueberry	GREEK YOGURT, BLUEBERRY
2624322	Chobani Less Sugar Greek Yogurt, Mango	ALPHONSO MANGO LESS SUGAR GREEK YOGURT, ALPHONSO MANGO
2185654	Chobani Flip, Clover Honey	CHOBANI, FLIP, GREEK LOW-FAT YOGURT, CLOVER HONEY, CLOVER HONEY
2604356	Chobani Complete, Vanilla	COMPLETE VANILLA LOW-FAT GREEK YOGURT, VANILLA
2098766	Oikos Triple Zero, Vanilla	VANILLA TRIPLE ZERO BLENDED GREEK NONFAT YOGURT, VANILLA
2595779	Oikos Pro Yogurt, Vanilla	VANILLA YOGURT-CULTURED ULTRA-FILTERED MILK, VANILLA
2187461	Fage Total 0% Plain Greek Yogurt	TOTAL 0% NONFAT GREEK STRAINED YOGURT
2187051	Fage Total 2% Greek Yogurt, Blackberry	BLACKBERRY TOTAL 2% LOWFAT GREEK STRAINED YOGURT, BLACKBERRY
2583207	Siggi's Icelandic Skyr, Vanilla	VANILLA LOWFAT YOGURT, VANILLA
2233965	Yoplait Original, Strawberry	Yoplait Original Strawberry Low Fat Yogurt
2717919	Yoplait Light, Strawberry	Yoplait Light Strawberry Yogurt
2595738	Light + Fit Zero Sugar Vanilla Yogurt	ZERO SUGAR VANILLA YOGURT, VANILLA
2595760	Two Good Strawberry & Vanilla Greek Yogurt	STRAWBERRY & VANILLA GREEK LOWFAT YOGURT
2563971	Activia Strawberry	STRAWBERRY LOWFAT YOGURT, STRAWBERRY
2755970	Good Culture Cottage Cheese, 2%	Organic Low- Fat Classic Cottage Cheese, 2% Milk Fat, 16 oz
2503853	Daisy Cottage Cheese, 4%	4% COTTAGE CHEESE
2676927	Daisy Sour Cream	SOUR CREAM
2549122	Knudsen Cottage Cheese, Lowfat	LOW FAT COTTAGE CHEESE
1047453	Knudsen Hampshire Sour Cream	HAMPSHIRE SOUR CREAM
2503471	Hood Cottage Cheese	LOWFAT COTTAGE CHEESE
2434974	Tillamook Medium Cheddar	CHEDDAR CHEESE, MEDIUM
2079565	Tillamook Sharp Cheddar	SHARP CHEDDAR CHEESE
2079614	Tillamook Pepper Jack	TILLAMOOK, PEPPER JACK
2623408	Tillamook Colby Jack	COLBY JACK NATURAL CHEESE
2484731	Tillamook Shredded Mexican Blend	MEXICAN BLEND SHREDDED MEDIUM WHITE CHEDDAR, MEDIUM CHEDDAR QUESO QUESADILLA & ASADERO CHEESE, MEXICAN BLEND
2429357	Kirkland Signature Shredded Sharp Cheddar	SHREDDED SHARP CHEDDAR CHEESE, SHARP CHEDDAR
2544159	Kirkland Signature Shredded Mozzarella	MOZZARELLA CHEESE LOW MOISTURE PART SKIM SHREDDED, MOZZARELLA CHEESE
2594746	Kraft Singles American	SINGLES AMERICAN CHEESE
1625378	Kraft Shredded Mozzarella	SHREDDED MOZZARELLA CHEESE
2622122	Sargento Sliced Provolone	PROVOLONE CHEESE SLICES
2476224	Sargento Light String Cheese	STRING CHEESE, LIGHT
1867352	Frigo Cheese Heads Light String Cheese	FRIGO, CHEESE HEADS, LIGHT STRING MOZZARELLA CHEESE
2431065	Babybel Original	SEMISOFT CHEESES, ORIGINAL
1941836	The Laughing Cow Light Creamy Swiss	SPREADABLE CHEESE WEDGES, CREAMY SWISS LIGHT
2594772	Philadelphia Original Cream Cheese	ORIGINAL CREAM CHEESE
1585130	Philadelphia Whipped Cream Cheese	WHIPPED CREAM CHEESE SPREAD
2508718	Kerrygold Pure Irish Butter	PURE IRISH BUTTER
2615133	Land O Lakes Salted Butter	SALTED BUTTER
2329482	Kirkland Signature Salted Butter	SALTED SWEET CREAM BUTTER, SALTED
2265633	I Can't Believe It's Not Butter Spray	SPRAY BOTTLES, ORIGINAL
2622854	Reddi-wip Original	ORIGINAL REAL WHIPPED CREAM, ORIGINAL
2657618	Horizon Organic Whole Milk	ORGANIC WHOLE MILK
2651731	Halo Top Vanilla Bean	VANILLA BEAN FROZEN DESSERT, VANILLA BEAN
1924088	Halo Top Birthday Cake	BIRTHDAY CAKE LIGHT ICE CREAM
2670219	Halo Top Chocolate	CHOCOLATE LIGHT ICE CREAM, CHOCOLATE
2570726	Ben & Jerry's Half Baked	HALF BAKED ICE CREAM, CHOCOLATE; VANILLA
2581246	Ben & Jerry's Chocolate Chip Cookie Dough	CHOCOLATE CHIP COOKIE DOUGH VANILLA ICE CREAM WITH GOBS OF CHOCOLATE CHIP COOKIE DOUGH, CHOCOLATE CHIP COOKIE DOUGH
2616813	Ben & Jerry's Cherry Garcia	CHERRY GARCIA ICE CREAM, CHERRY
2483580	Häagen-Dazs Vanilla	ICE CREAM, VANILLA
2657461	Tillamook Vanilla Bean Ice Cream	ICE CREAM, VANILLA BEAN
2623416	Tillamook Mudslide Ice Cream	ICE CREAM, TILLAMOOK MUDSLIDE
2676380	Breyers Natural Vanilla	NATURAL VANILLA ICE CREAM, NATURAL VANILLA
2546355	Yasso Frozen Greek Yogurt, Vanilla	FROZEN GREEK YOGURT, VANILLA
2624594	Enlightened Monkey Business Bars	MONKEY BUSINESS FROZEN DESSERT BARS
1949459	My/Mo Mochi Ice Cream, Strawberry	STRAWBERRY ICE CREAM WITH MOCHI BITS, STRAWBERRY
2340410	Drumstick Vanilla Cone	VANILLA FROZEN DAIRY DESSERT CONES, VANILLA
2677001	Klondike Original	THE ORIGINAL FLAVORED VANILLA LIGHT ICE CREAM IN A MILK CHOCOLATE FLAVORED COATING BARS, ORIGINAL
2672780	Outshine Strawberry Fruit Bar	STRAWBERRY FRUIT ICE BARS, STRAWBERRY
2438243	Talenti Sea Salt Caramel Gelato	GELATO, SEA SALT CARAMEL
2598871	Just Bare Lightly Breaded Chicken Breast Strips	LIGHTLY BREADED CHICKEN BREAST STRIPS
2081630	Just Bare Chicken Breast Fillets	HAND-TRIMMED BONELESS, SKINLESS CHICKEN BREAST FILLETS
2057714	Kirkland Signature Chicken Breast, Canned	PREMIUM CHUNK CHICKEN BREAST
2067275	Kirkland Signature Albacore Tuna	ALBACORE SOLID WHITE TUNA
2139645	Kirkland Signature Pulled Pork	SMOKED PULLED PORK
2435101	Kirkland Signature Hardwood Smoked Bacon	HICKORY WOOD SMOKED BACON, HICKORY WOOD SMOKED
2402213	Kirkland Signature Sliced Turkey Breast	SLICED ROASTED TURKEY BREAST
2130085	Kirkland Signature Panko Breaded Shrimp	BREADED PANKO SHRIMP
2122680	Foster Farms Grilled Chicken Breast Strips	CHICKEN BREAST GRILLED STRIPS
2122683	Foster Farms Crispy Chicken Strips	CRISPY STRIPS
1941133	Foster Farms Chicken Corn Dogs	CORN DOGS, HONEY CRUNCHY
2105430	Foster Farms Honey Roasted Turkey Breast	HONEY ROASTED TURKEY BREAST
2548207	Tyson Chicken Nuggets	CHICKEN NUGGETS
2600308	Tyson Crispy Chicken Strips	CRISPY CHICKEN STRIPS, CRISPY
2103494	Perdue Short Cuts Grilled Chicken	CARVED CHICKEN BREAST SHORT CUTS
2020041	Perdue Simply Smart Lightly Breaded Chicken Nuggets	PERDUE, SIMPLY SMART, LIGHTLY BREADED CHICKEN NUGGETS
2674532	Applegate Naturals Oven Roasted Turkey Breast	OVEN ROASTED TURKEY BREAST
2595066	Applegate Uncured Beef Hot Dogs	UNCURED BEEF HOT DOG, BEEF
2675375	Applegate Chicken Nuggets	CHICKEN NUGGETS
2679538	Oscar Mayer Classic Uncured Wieners	ORIGINAL UNCURED WIENERS, ORIGINAL
2615760	Oscar Mayer Deli Fresh Oven Roasted Turkey	OVEN ROASTED TURKEY BREAST
1593103	Oscar Mayer Hardwood Smoked Bacon	HARDWOOD SMOKED BACON
2674445	Lunchables Turkey & Cheddar Cracker Stackers	TURKEY AND CHEDDAR CRACKER STACKERS
1920931	Hillshire Farm Ultra Thin Oven Roasted Turkey	OVEN ROASTED TURKEY BREAST
2622093	Hillshire Farm Smoked Sausage	SMOKED SAUSAGE
1934857	Hormel Original Pepperoni	PEPPERONI
1897318	Hormel Lower Sodium Bacon	LOWER SODIUM BACON
2619137	Hormel Chili with Beans	CHILI WITH BEANS
2652772	Aidells Chicken & Apple Sausage	SMOKED CHICKEN SAUSAGE, CHICKEN & APPLE
1905563	Aidells Italian Style Chicken Sausage with Mozzarella	AIDELLS, ALL NATURAL ITALIAN STYLE SMOKED CHICKEN SAUSAGE, MOZZARELLA CHEESE, MOZZARELLA CHEESE
2155965	Johnsonville Original Brats	ORIGINAL BRATWURST
1949417	Johnsonville Mild Italian Sausage	ITALIAN SAUSAGE, MILD
2678924	Ball Park Beef Franks	BEEF FRANKS, BEEF
1935357	Hebrew National Beef Franks	BEEF FRANKS
2091491	Nathan's Famous Skinless Beef Franks	BEEF FRANKS
2664240	Impossible Burger	BURGER PATTIES MADE FROM PLANTS, BURGER
2381522	Beyond Burger	PLANT-BASED BURGER PATTIES
2740120	Morningstar Farms Grillers Original	Morningstar Farms Veggie Burgers Grillers 9oz
2663764	Gardein Chick'n Tenders	ULTIMATE PLANT-BASED CHICK'N TENDERS
2664058	Bibigo Chicken & Vegetable Mini Wontons	CHICKEN & VEGETABLE DUMPLINGS KOREAN STYLE MINI WONTONS, CHICKEN & VEGETABLE DUMPLINGS
2076594	Bibigo Pork & Vegetable Potstickers	POT STICKERS, PORK, VEGETABLE
2674935	StarKist Chunk Light Tuna in Water	CHUNK LIGHT IN WATER TUNA
2655285	StarKist Tuna Creations, Lemon Pepper	LEMON PEPPER TUNA CREATIONS, LEMON PEPPER
2599194	Bumble Bee Solid White Albacore	SOLID WHITE ALBACORE WATER TUNA
1459127	Wild Planet Albacore Tuna	ALBACORE TUNA
2614856	Trident Seafoods Salmon Burgers	ALASKAN SALMON BURGERS
2601614	Gorton's Crunchy Breaded Fish Sticks	FISH STICKS
2284762	SeaPak Popcorn Shrimp	POPCORN SHRIMP
2630145	Amy's Bean, Rice & Cheese Burrito	BEAN, RICE & CHEESE BURRITO, BEAN, RICE & CHEESE
2673147	Amy's Black Bean Vegetable Enchilada	BLACK BEAN VEGETABLE ENCHILADA, BLACK BEAN VEGETABLE
2081749	Amy's Macaroni & Cheese	MACARONI & CHEESE
2673146	Amy's Cheese Pizza	CHEESE PIZZA, CHEESE
2673179	Amy's Vegetable Lasagna	VEGETABLE LASAGNA, VEGETABLE
2594420	Lean Cuisine Chicken Fettuccini Alfredo	FAVORITES FETTUCCINI ALFREDO
2702253	Lean Cuisine Herb Roasted Chicken	Lean Cuisine Frozen Meal Herb Roasted Chicken, Protein Kick Microwave Meal, Microwave Chicken Dinner, Frozen Dinner for One
2680040	Healthy Choice Power Bowls, Chicken Feta & Farro	CHICKEN FETA & FARRO PULLED ALL NATURAL CHICKEN BREAST WITH CHICKPEAS AND VEGETABLES SERVED ON TOP OF FARRO WITH A GARLIC OREGANO SAUCE TOPPED WITH FETA CHEESE POWER BOWLS, CHICKEN FETA & FARRO
1935454	Healthy Choice Café Steamers, Sweet Sesame Chicken	HEALTHY CHOICE, GOURMET STEAMERS, SWEET SESAME CHICKEN
2402590	Stouffer's Macaroni & Cheese	MACARONI & CHEESE
2560610	Stouffer's Meat Lovers Lasagna	MEAT LOVERS LASAGNA
2654547	Marie Callender's Chicken Pot Pie	CHICKEN POT PIES, CHICKEN
2722408	Banquet Mega Strips, Buffalo Style	BANQUET Mega Strips Buffalo Style
2075278	El Monterey Beef & Bean Burritos	BEEF & BEAN BURRITOS
1932350	El Monterey Chicken & Cheese Taquitos	TAQUITOS, CHICKEN & CHEESE
1671025	Delimex Beef Taquitos	BEEF TAQUITOS
2454849	José Olé Chicken & Cheese Chimichanga	CHIMICHANGA, CHICKEN & CHEESE
2041097	Evol Vegetable Enchiladas	EVOL, VEGETABLE ENCHILADAS
2543720	Real Good Foods Chicken Enchiladas	ENCHILADAS
2091622	DiGiorno Rising Crust Pepperoni Pizza	PEPPERONI RISING CRUST PIZZA, PEPPERONI
2699465	DiGiorno Detroit Style Four Cheese Pizza	DIGIORNO Detroit Style Four Cheese Pizza 20.9oz Box
2087192	Tombstone Pepperoni Pizza	PEPPERONI PIZZA, PEPPERONI
2623205	Red Baron Classic Crust Pepperoni	PEPPERONI PIZZA
2739683	Totino's Party Pizza, Pepperoni	Totino's Frozen Pepperoni Party Pizza
2679201	Totino's Pizza Rolls, Pepperoni	PEPPERONI PIZZA ROLLS
2723929	Hot Pockets Pepperoni Pizza	HOT POCKETS Pepperoni Pizza 4 oz. Sandwich
2669706	Caulipower Margherita Pizza	MARGHERITA JUICY TOMATOES, MELTY MOZZARELLA, PARMESAN & ZESTY TOMATO SAUCE ON OUR STONE-FIRED CAULIFLOWER CRUST PIZZA, MARGHERITA
2553514	Kirkland Signature Supreme Cauliflower Crust Pizza	SUPREME PEPPERONI, SAUSAGE, ROASTED VEGETABLES, 3-CHEESE BLEND ON CAULIFLOWER CRUST PIZZA, SUPREME
2284676	Ling Ling Chicken Yakisoba	NOODLES, CHICKEN YAKISOBA
2095054	InnovAsian Sesame Orange Chicken	SESAME ORANGE CHICKEN
2518649	P.F. Chang's Home Menu Chicken Fried Rice	PF CHANGS Chicken Fried Rice, 36 OZ
2110756	Ajinomoto Combination Fried Rice	COMBINATION FRIED RICE
2738952	Birds Eye Steamfresh Broccoli Florets	Birds Eye Steamfresh Broccoli Florets, Frozen Vegetable, 10.8 oz.
2720366	Birds Eye Steamfresh Mixed Vegetables	Birds Eye Steamfresh Mixed Vegetables, Frozen Vegetables, 10 oz.
2677607	Green Giant Riced Cauliflower	CAULIFLOWER RICED VEGGIES, CAULIFLOWER
2641434	Ore-Ida Golden Crinkles	GOLDEN CRINKLES FRENCH FRIED POTATOES
2631457	Ore-Ida Tater Tots	GOLDEN TATER TOTS
2663452	Alexia Sweet Potato Fries	SWEET POTATO SEASONED FRIES
2460589	Kirkland Signature Three Berry Blend	THREE BERRY BLEND, FLAVOR, THREE BERRY
2579696	Dole Frozen Mango Chunks	MANGO CHUNKS
2597131	Ben's Original Ready Rice, Long Grain & Wild	BEN'S ORIGINAL READY RICE, LONG GRAIN & WILD, 8.8 OZ. POUCH
2675787	Minute Ready to Serve White Rice	MINUTE, READY TO SERVE! LONG GRAIN WHITE RICE
2090585	Seeds of Change Quinoa, Brown & Red Rice	QUINOA, BROWN & RED RICE WITH FLAXSEED
2570691	Barilla Spaghetti	SPAGHETTI PASTA
2677091	Barilla Penne	WHITE FIBER PENNE
2669985	Banza Chickpea Penne	CHICKPEAS PASTA, PENNE
2603273	Rao's Homemade Marinara Sauce	MARINARA SAUCE
1625648	Prego Traditional Italian Sauce	ITALIAN SAUCE, TRADITIONAL
2114528	Ragu Old World Style Traditional	TRADITIONAL SAUCE, TRADITIONAL
2287531	Kirkland Signature Organic Tomato Sauce	ORGANIC TOMATO SAUCE
2594719	Kraft Macaroni & Cheese Original	ORIGINAL MACARONI & CHEESE DINNER
1630984	Annie's Shells & White Cheddar	MACARONI & CHEESE, SHELLS & WHITE CHEDDAR
2614593	Velveeta Shells & Cheese	ORIGINAL SHELLS & CHEESE
2032433	Maruchan Ramen Noodle Soup, Chicken	RAMEN NOODLE SOUP, CHICKEN
2038288	Nissin Cup Noodles, Chicken	HOMESTYLE RAMEN NOODLE SOUP, CHICKEN, CHICKEN
2630252	Nongshim Shin Big Bowl Noodle Soup	SHIN BIG BOWL NOODLE SOUP
1626481	Campbell's Chicken Noodle Soup	CHICKEN NOODLE SOUP
2739616	Progresso Chicken Noodle Soup	Progresso Organic Chicken Noodle Soup
2695388	Pacific Foods Organic Unsalted Chicken Bone Broth	Pacific Foods Organic Unsalted Chicken Bone Broth, 8 oz Carton
2396544	Kettle & Fire Chicken Bone Broth	CLASSIC CHICKEN BONE BROTH, CLASSIC CHICKEN
1629055	Bush's Original Baked Beans	BAKED BEANS, ORIGINAL
2498374	Bush's Black Beans	BLACK BEANS, BLACK
2739650	Rosarita Traditional Refried Beans	ROSARITA Traditional Refried Beans
1631470	Old El Paso Taco Shells	TACO SHELLS
1630173	Old El Paso Taco Seasoning	TACO SEASONING MIX, ORIGINAL
2428647	Near East Couscous	ORIGINAL COUSCOUS, ORIGINAL
2723877	Quaker Old Fashioned Oats	Quaker Oats Old Fashioned 42 Oz
2650330	Quaker Instant Oatmeal, Maple & Brown Sugar	Quaker Instant Oatmeal Maple & Brown Sugar 1.69 Oz
2315530	Bob's Red Mill Old Fashioned Rolled Oats	OLD FASHIONED ROLLED OATS
2738631	Cheerios	Cheerios Cereal
2614495	Honey Nut Cheerios	HONEY NUT CEREAL, HONEY
2671976	Frosted Flakes	CEREAL
2611309	Froot Loops	SWEETENED MULTIGRAIN CEREAL
1625843	Cinnamon Toast Crunch	CRISPY, SWEETENED WHOLE WHEAT & RICE CEREAL
2739267	Lucky Charms	Lucky Charms Cereal
2243916	Special K Original	TOASTED RICE CEREAL, ORIGINAL
2615331	Raisin Bran	ORIGINAL CEREAL
2497934	Rice Krispies	TOASTED RICE CEREAL
2653624	Cap'n Crunch	SWEETENED CORN & OAT CEREAL
1458855	Life Original Cereal	Quaker Life Original 13 Ounce Paper Box
2657580	Frosted Mini-Wheats	ORIGINAL WHOLE GRAIN CEREAL
2626154	Honey Bunches of Oats with Almonds	ALMONDS CEREAL
2650626	Kashi GO Original	Kashi Go Cereal Original 1.6oz
2554390	Magic Spoon Frosted	FROSTED GRAIN-FREE CEREAL, FROSTED
2653311	Catalina Crunch Honey Graham	HONEY GRAHAM CEREAL, HONEY GRAHAM
1928913	Grape-Nuts Original	THE ORIGINAL CEREAL
2739276	Corn Chex	Corn Chex Cereal
2678723	Nature's Path Organic Heritage Flakes	HERITAGE FLAKES CEREAL, HERITAGE FLAKES
2734919	Bear Naked Granola, Vanilla Almond	Bear Naked Cereal Granola All Natural Fit Vanilla Almond 12oz
2009792	Kirkland Signature Organic Ancient Grains Granola	ANCIENT GRAINS GRANOLA WITH ALMONDS
2081084	Purely Elizabeth Original Ancient Grain Granola	ORIGINAL ANCIENT GRAIN GRANOLA
2212026	Jif Creamy Peanut Butter	CREAMY PEANUT BUTTER
2674433	Skippy Creamy Peanut Butter	CREAMY PEANUT BUTTER
1624736	Smucker's Natural Creamy Peanut Butter	NATURAL PEANUT BUTTER, CREAMY
2671148	Justin's Classic Almond Butter	CLASSIC ALMOND BUTTER
2155117	Justin's Dark Chocolate Peanut Butter Cups	DARK CHOCOLATE ORGANIC PEANUT BUTTER CUPS, DARK CHOCOLATE
2063383	Kirkland Signature Organic Peanut Butter	ORGANIC CREAMY PEANUT BUTTER
2571744	Nutella Hazelnut Spread	HAZELNUT SPREAD WITH COCOA
1370641	Smucker's Strawberry Jam	JAM, STRAWBERRY
1857180	Bonne Maman Strawberry Preserves	STRAWBERRY PRESERVES, STRAWBERRY
2596170	Sabra Classic Hummus	CLASSIC HUMMUS
2670212	Hope Original Hummus	ORGANIC HUMMUS ORIGINAL RECIPE
2601931	Wholly Guacamole Classic	CLASSIC GUACAMOLE
2438133	Yucatan Authentic Guacamole	GUACAMOLE
2562771	Tostitos Chunky Salsa, Mild	MILD CHUNKY SALSA
2698642	Pace Mild Picante Sauce	PACE CONDIMENTS MILD PICANTE
1862077	Herdez Salsa Casera	SALSA, CASERA
2614352	Heinz Tomato Ketchup	TOMATO KETCHUP
2118482	French's Classic Yellow Mustard	CLASSIC YELLOW MUSTARD
2399483	Best Foods Real Mayonnaise	REAL MAYONNAISE
2566520	Hellmann's Real Mayonnaise	REAL MAYONNAISE
2548491	Kewpie Mayonnaise	MAYONNAISE
2583574	Sir Kensington's Classic Mayonnaise	CLASSIC MAYONNAISE
2085627	Hidden Valley Original Ranch	THE ORIGINAL RANCH
2369107	Primal Kitchen Ranch Dressing	RANCH DRESSING & MARINADE, RANCH
2568710	Bolthouse Farms Classic Ranch Yogurt Dressing	CLASSIC RANCH YOGURT DRESSING & DIP
2673622	Ken's Steak House Caesar	CAESAR DRESSING, CAESAR
2631945	Newman's Own Balsamic Vinaigrette	BALSAMIC VINAIGRETTE
2561495	Kraft Zesty Italian	ZESTY ITALIAN DRESSING
2522567	Sweet Baby Ray's Barbecue Sauce	BARBECUE SAUCE
2667337	Stubb's Original Bar-B-Q Sauce	ORIGINAL LEGENDARY BAR-B-Q SAUCE, ORIGINAL
2065235	Kikkoman Soy Sauce	SOY SAUCE
2656242	Kikkoman Teriyaki Baste & Glaze	TERIYAKI BASTLE & GLAZE
2036662	Huy Fong Sriracha	SRIRACHA HOT CHILI SAUCE
2676166	Tapatío Hot Sauce	SALSA PICANTE HOT SAUCE, SALSA PICANTE
2678636	Cholula Original	ORIGINAL HOT SAUCE, ORIGINAL
2273347	Mrs. Butterworth's Original Syrup	ORIGINAL SYRUP
2563160	Pearl Milling Company Original Syrup	ORIGINAL SYRUP
2415686	Log Cabin Original Syrup	ORIGINAL SYRUP, ORIGINAL
2097593	Kirkland Signature Organic Honey	ORGANIC HONEY
1542339	Kirkland Signature Greek Olive Oil	GREEK OLIVE OIL
2628597	Chosen Foods Avocado Oil	AVOCADO OIL
2715848	Pam Original Cooking Spray	PAM Original Cooking Spray - 6/17 oz.
2563175	Taylor Farms Sweet Kale Chopped Salad Kit	SWEET KALE CHOPPED SALAD KIT
2117668	Taylor Farms California Caesar Salad Kit	CALIFORNIA CAESAR
2545029	Eat Smart Sweet Kale Salad Kit	VEGETABLE SALAD KIT, SWEET KALE
2597900	Fresh Express Caesar Salad Kit	CAESAR SALAD
2679450	Oreo Chocolate Sandwich Cookies	CHOCOLATE SANDWICH COOKIES, CHOCOLATE
1459584	Oreo Double Stuf	OREO COOKIES DOUBLE STUF 1X18.400 OZ
2149600	Chips Ahoy! Original	COOKIES
2142672	Nutter Butter	PEANUT BUTTER SANDWICH COOKIES
2084686	Lotus Biscoff Cookies	BISCOFF COOKIE
2698133	Pepperidge Farm Milano Dark Chocolate	Pepperidge Farm Milano Dark Chocolate Cookies, 6 OZ Bag (15 Cookies)
2477076	Famous Amos Chocolate Chip Cookies	BITE SIZE COOKIES, CHOCOLATE CHIP
2500603	Nilla Wafers	WAFERS
2125367	Honey Maid Graham Crackers	GRAHAM SNACKS
2633670	Teddy Grahams, Honey	HONEY GRAHAM SNACKS, HONEY
2739118	Annie's Bunny Grahams	Annie's Organic Friends Bunny Grahams
2035915	Little Debbie Oatmeal Creme Pies	OATMEAL CREME PIE
2273496	Little Debbie Swiss Rolls	SWISS ROLLS
2061765	Hostess Twinkies	GOLDEN SPONGE CAKE
1619280	Hostess Triple Fudge Ding Dongs	TRIPLE FUDGE DING DONGS
2739388	Pop-Tarts Frosted Strawberry	Kellogg's Pop-Tarts Frosted Strawberry 3.3oz
2739386	Pop-Tarts Frosted Brown Sugar Cinnamon	Kellogg's Pop-Tarts Frosted Brown Sugar Cinnamon 3.3oz
2115890	Entenmann's Frosted Chocolate Donuts	SEASONAL DONUTS, FROSTED CHOCOLATE
2178885	Kirkland Signature Chocolate Chip Cookies	CHOCOLATE CHIP COOKIES, CHOCOLATE CHIP
1642865	Reese's Peanut Butter Cups	2 PEANUT BUTTER CUPS
2632370	Kit Kat	CRISP WAFERS IN MILK CHOCOLATE, MILK CHOCOLATE
2575563	Snickers	BARS
2091149	M&M's Milk Chocolate	MILK CHOCOLATE
2088304	M&M's Peanut	PEANUT
2087907	Twix	TWIX, COOKIE BARS
1642714	Hershey's Milk Chocolate Bar	MILK CHOCOLATE BAR
2672262	Butterfinger	BAR, REAL PEANUT
1929433	Skittles Original, Bite Size	BITE SIZE CANDIES, ORIGINAL
2680406	Sour Patch Kids	SOFT & CHEWY CANDY
2641538	Swedish Fish	SOFT & CHEWY CANDY
2642057	Haribo Goldbears	GOLDBEARS GUMMI CANDY, GOLDBEARS
2131450	Trolli Sour Brite Crawlers	SOUR BRITE CRAWLERS
1914543	Starburst Original	FRUIT CHEWS, ORIGINAL
1646299	Twizzlers Strawberry Twists	TWISTS, STRAWBERRY
2384634	SmartSweets Peach Rings	PEACH RINGS CANDY, PEACH RINGS
2384609	SmartSweets Sweet Fish	BERRY SWEET FISH CANDY, BERRY
2630992	Lily's Hazelnut Milk Chocolate Style Bar	HAZELNUT MILK CHOCOLATE STYLE BARS, HAZELNUT
2028952	Ghirardelli Dark & Caramel Squares	DARK & CARAMEL
2277277	Kirkland Signature Milk Chocolate Almonds	MILK CHOCOLATE ALMONDS, MILK CHOCOLATE
2653192	Nestlé Toll House Semi-Sweet Morsels	SEMI-SWEET MINI MORSELS
1630342	Jell-O Sugar Free Chocolate Instant Pudding Mix	CHOCOLATE SUGAR FREE INSTANT REDUCED CALORIE PUDDING & PIE FILLING, CHOCOLATE
2618237	Snack Pack Chocolate Pudding	CHOCOLATE PUDDING, CHOCOLATE
2614405	Mott's Unsweetened Applesauce	UNSWEETENED APPLESAUCE, APPLE
2302884	GoGo squeeZ Applesauce	APPLESAUCE
2104751	Kirkland Signature Organic Applesauce	ORGANIC APPLE SAUCE
2579731	Dole Sliced Peaches	SLICED PEACHES
2617961	Del Monte Fruit Cocktail	FRUIT COCKTAIL
2082143	Trader Joe's Hashbrowns	HASHBROWNS
1866534	Trader Joe's Premium Chunk White Chicken in Water	TRADER JOE'S, PREMIUM CHUNK WHITE CHICKEN IN WATER
2008604	Trader Joe's Dry Roasted & Salted Almonds	TRADER JOE'S, DRY ROASTED & SALTED ALMONDS
2020904	Trader Joe's Sea Salt & Turbinado Sugar Dark Chocolate Almonds	TRADER JOE'S, SEA SALT & TURBINADO SUGAR DARK CHOCOLATE ALMONDS
2440026	Trader Joe's Unsweetened Original Almond Beverage	TRADER JOE'S, UNSWEETENED ORIGINAL ALMOND BEVERAGE
1868793	Trader Joe's White Cheddar Mac & Cheese	MICROWAVABLE MAC & CHEESE, WHITE CHEDDAR
2009816	Trader Joe's Blue Corn Tortilla Chips	BLUE CORN TORTILLA CHIPS
2009778	Trader Joe's Chicken-less Strips	TRADER JOE'S, CHICKEN LESS STRIPS
2009609	Trader Joe's Mediterranean Hummus	MEDITERRANEAN HUMMUS
2087961	Kirkland Signature Chocolate Chunk Cookies	KIRKLAND SIGNATURE, CHOCOLATE CHUNK COOKIES
2133083	Kirkland Signature Milk Chocolate Peanut Butter Cups	MILK CHOCOLATE PEANUT BUTTER CUPS
2433111	Kirkland Signature Organic Nacho Cheese Tortilla Chips	ORGANIC NACHO CHEESE MULTIGRAIN TORTILLA CHIPS, NACHO CHEESE
2436423	Kirkland Signature Organic Roasted Seaweed Snack	ORGANIC ROASTED SEAWEED SNACK
2471868	Kirkland Signature Vanilla Complete Nutrition Shake	VANILLA COMPLETE NUTRITION SHAKE, VANILLA
2426041	Kirkland Signature Heart Healthy Mixed Nuts	HEART HEALTHY MIXED NUTS
1901215	Kirkland Signature Dry Roasted Macadamia Nuts	DRY ROASTED MACADAMIA NUTS, SEA SALT
2482985	Kirkland Signature Organic 2% Milk	ORGANIC 2% REDUCED FAT MILK
2460407	Kirkland Signature Whole Milk	WHOLE MILK
2466520	Kirkland Signature Lactose Free 2% Milk	LACTOSE FREE 2% REDUCED FAT MILK
1908702	Kirkland Signature Organic Soymilk	ORGANIC SOYMILK, PLAIN
2072559	Kirkland Signature Fruit Snacks	FRUIT SNACKS
2072562	Kirkland Signature Animal Crackers	ANIMAL CRACKERS
2418830	Kirkland Signature Almond Biscotti	ALMOND BISCOTTI, ALMOND
2118182	Kirkland Signature Chunk Light Tuna	CHUNK LIGHT SKIPJACK TUNA IN WATER
2483202	Kirkland Signature Tilapia Loins	BONELESS SKINLESS TILAPIA LOINS
2192255	Kirkland Signature Mahi-Mahi	WILD PACIFIC MAHI-MAHI
2095608	Kirkland Signature Five Cheese Tortelloni	FIVE CHEESE TORTELLONI WITH PARMIGIANO REGGIANO
2158066	Kirkland Signature Extra Lean Ham	EXTRA LEAN HAM
1875607	Kirkland Signature Sahale Pecan Cashew Nut Crisp	SAHALE SNACKS NUT CRISP, PECAN CASHEW
2044284	Kirkland Signature Organic Nuts & Berries	ORGANIC NUTS & BERRIES WITH PUMPKIN SEEDS
2068135	Kirkland Signature Super Extra Large Peanuts	SUPER EXTRA LARGE PEANUTS, ROASTED & SALTED
1963584	Kirkland Signature Cocoa Dusted Almonds	COCOA DUSTED ALMONDS, COCOA
2008720	Kirkland Signature Dried Plums	DRIED PLUMS
2443282	Kirkland Signature Organic Blueberries, Frozen	ORGANIC BLUEBERRIES
744872	Kirkland Signature Artisan Burger Buns	ARTISAN BURGER BUNS
378251	Kirkland Signature Fit & Easy Chicken Breasts	KIRKLAND SIGNATURE, PERDUE, FIT & EASY CHICKEN BREASTS
2655491	Kirkland Signature Organic Chicken Bone Broth	CHICKEN ORGANIC SIPPING BONE BROTH, CHICKEN
2123762	Kirkland Signature Organic Lemonade	ORGANIC LEMONADE
2541371	Kirkland Signature Sport Drink, Fruit Punch	FRUIT PUNCH FLAVORED SPORT DRINK, FRUIT PUNCH
1886068	Kirkland Signature Hickory Smoked Thick Sliced Bacon	THICK SLICED BACON, HICKORY SMOKES
2094567	Kirkland Signature Cage Free Large Eggs	CAGE FREE LARGE EGGS
2596171	Sabra Roasted Red Pepper Hummus	ROASTED RED PEPPER HUMMUS
2511782	Chobani Greek Yogurt, Plain Whole Milk	PLAIN WHOLE MILK GREEK YOGURT, PLAIN
2545460	Premier Protein Clear, Orange Mango	CLEAR PROTEIN DRINK, ORANGE MANGO
2244992	Quest Protein Cookie, Chocolate Chip	PROTEIN COOKIE, CHOCOLATE CHIP
2669739	Quest Frosted Cookie, Birthday Cake	BIRTHDAY CAKE FROSTED COOKIES, BIRTHDAY CAKE
2600493	Doritos Flamin' Hot Nacho	FLAMIN' HOT NACHO TORTILLA CHIPS, FLAMIN' HOT NACHO
1593824	Lay's Salt & Vinegar	POTATO CHIPS, SALT & VINEGAR
1457600	Lay's Limón	1.87OZ LAY'S LIMON
2640221	Chobani Zero Sugar Greek Yogurt, Vanilla	VANILLA ZERO SUGAR NONFAT GREEK YOGURT, VANILLA
2667925	Hershey's Cookies 'n' Creme Bar	COOKIES 'N' CREME BAR, COOKIES 'N' CREME
2107761	Kellogg's Nutri-Grain Bar, Strawberry	STRAWBERRY FLAVORED CEREAL BARS, STRAWBERRY
2500611	Honey Maid Teddy Grahams, Chocolate	CHOCOLATEY CHIP GRAHAM SNACKS, CHOCOLATEY CHIP
2665164	Siete Churro Strips	CHURRO STRIPS GRAIN FREE CINNAMON CHIPS, CHURRO STRIPS
2668139	Sprouts Organic Chicken Bone Broth	CHICKEN ORGANIC BONE BROTH, CHICKEN
2660357	Sprouts Heavy Whipping Cream	HEAVY WHIPPING CREAM
2642736	Sprouts Organic Toasted Oats Cereal	TOASTED OATS ORGANIC CEREAL, TOASTED OATS
2626583	Sprouts Organic Chicken Low Sodium Broth	CHICKEN ORGANIC LOW SODIUM BROTH, CHICKEN
2612567	Sprouts Crusty & Chewy Baby Boule	CRUSTY & CHEWY BABY BOULE, CRUSTY & CHEWY
2553709	Sprouts Organic Unsweetened Vanilla Almond Milk	UNSWEETENED VANILLA ORGANIC ALMOND-MILK, UNSWEETENED VANILLA
2553707	Sprouts Organic Apple Juice	APPLE ORGANIC JUICE, APPLE
2553706	Sprouts Organic Low Sodium Pinto Beans	PINTO ORGANIC LOW SODIUM BEANS, PINTO
2538412	Sprouts Original Almond Milk	ORIGINAL ALMONDMILK, ORIGINAL
2506974	Sprouts Cut & Peeled Baby Carrots	CUT & PEELED BABY CARROTS
2506973	Sprouts Ground Chicken	GROUND CHICKEN
2506972	Sprouts Organic French Fried Onions	FRENCH FRIED ORGANIC ONIONS, FRENCH FRIED
2506971	Sprouts Cage Free Large Brown Eggs	FARM FRESH GRADE A CAGE FREE LARGE BROWN EGGS
2506970	Sprouts Organic Firm Tofu	SPROUTS, ORGANIC TOFU FIRM
2506969	Sprouts Ketchup	KETCHUP
2506968	Sprouts Mushroom Pasta Sauce	MUSHROOM PASTA SAUCE, MUSHROOM
2506967	Sprouts Organic Frosted Flakes Cereal	FROSTED FLAKES ORGANIC CEREAL, FROSTED FLAKES
2506965	Sprouts Organic Vegetable Low Sodium Broth	VEGETABLE ORGANIC LOW SODIUM BROTH, VEGETABLE
2506964	Sprouts Unsalted Creamy Peanut Butter	UNSALTED & UNSWEETENED CREAMY PENAUT BUTTER, UNSALTED & UNSWEETENED
2486801	Sprouts Hatch Green Chile Mac & Cheese	HATCH GREEN CHILE MAC & CHEESE, HATCH GREEN CHILE
2482664	Sprouts Wild-caught Sockeye Salmon	WILD-CAUGHT SOCKEYE SALMON
2466864	Sprouts Ground Turkey	GROUND TURKEY
2466799	Sprouts 99% Lean Ground Turkey Breast	99% LEAN 1% FAT GROUND TURKEY BREAST
2466505	Sprouts 85/15 Ground Turkey	85% LEAN 15% FAT GROUND TURKEY
2461888	Sprouts Colby Jack Shredded Cheese	COLBY JACK A BLEND OF COLBY AND MONTEREY JACK THICK CUT SHREDDED CHEESES, COLBY JACK
2456398	Sprouts Organic Spring Mix Salad	SPRING MIX ORGANIC SALAD, SPRING MIX
2453774	Sprouts Organic Quinoa Duo with Grilled Vegetables	ANCIENT GRAIN BLEND ORGANIC QUINOA DUO WITH GRILLED ZUCCHINI, BUTTERNUT SQUASH AND TOMATOES, ANCIENT GRAIN BLEND
2452052	Sprouts Organic Low Sodium Garbanzo Beans	ORGANIC LOW SODIUM GARBANZO BEANS
2451815	Sprouts Organic Refried Pinto Beans with Spices	ORGANIC REFRIED PINTO BEANS WITH SPICES, SPICES
2450837	Sprouts Organic Cage Free Large Brown Eggs	ORGANIC GRADE A CAGE FREE LARGE BROWN EGGS
2450442	Sprouts Unsweetened Coconut Cream	UNSWEETENED COCONUT CREAM, UNSWEETENED
2448628	Sprouts 100% Liquid Egg Whites	100% LIQUID EGG WHITES
2445605	Sprouts Organic Pasta, Chickpea Fusilli	ORGANIC PASTA, CHICKPEA FUSILLI
2444802	Sprouts Organic Low Sodium Black Beans	BLACK ORGANIC LOW SODIUM BEANS, BLACK
2422683	Sprouts Organic Potato Bites	ORGANIC POTATO BITES
2420209	Sprouts Organic Mild Salsa	MILD ORGANIC SALSA, MILD
2388916	Sprouts Roasted & Unsalted Mixed Nuts with Peanuts	ROASTED & UNSALTED MIXED NUTS WITH PEANUTS, ROASTED & UNSALTED
2373527	Sprouts Unsweetened Coconut Milk	UNSWEETENED COCONUT MILK, UNSWEETENED
2367751	Sprouts Unsalted Butter	UNSALTED GRADE AA BUTTER, UNSALTED
2278533	Sprouts Cooked Shrimp, Peeled & Deveined	FARM-RAISED TAILS ON, PEELED & DEVEINED COOKED SHRIMP
2176603	Sprouts Organic Maple Syrup	ORGANIC MAPLE SYRUP, ORGANIC MAPLE
2113672	Sprouts Salad Dressing, Balsamic Vinaigrette	SALAD DRESSING, BALSAMIC VINAIGRETTE
2060463	Sprouts Organic Fresh Baby Spinach	ORGANIC FRESH BABY SPINACH
2039045	Sprouts Pumpkin Soup	PUMPKIN SOUP
2009248	Sprouts Black Bean Hummus	BLACK BEAN HUMMUS
1932493	Sprouts Natural Salad Dressing, Classic Italian	NATURAL SALAD DRESSING, CLASSIC ITALIAN
1932492	Sprouts Natural Salad Dressing, Buttermilk Ranch	NATURAL SALAD DRESSING, BUTTERMILK RANCH
1932491	Sprouts Natural Salad Dressing, Sesame Ginger	NATURAL SALAD DRESSING, SESAME GINGER
1932490	Sprouts Natural Salad Dressing, Romano Caesar	NATURAL SALAD DRESSING, ROMANO CAESAR
2554871	Sprouts Organic Green Peas	GREEN ORGANIC PEAS, GREEN
2553708	Sprouts Organic Lightly Salted Brown Rice Cakes	LIGHTLY SALTED BROWN ORGANIC RICE CAKES, LIGHTLY SALTED BROWN
2511539	Sprouts Organic Baby Spinach	ORGANIC BABY SPINACH
2511538	Sprouts Pumpkin	PUMPKIN
2506966	Sprouts Organic Cacao Powder	ORGANIC CACAO POWDER
2451842	Sprouts Black Beans	BLACK BEANS, BLACK
2378290	Sprouts Whole Milk	WHOLE MILK
2039046	Sprouts Sliced Carrots	SLICED CARROTS
2011403	Sprouts Veggie Chips	VEGGIE CHIPS
2655506	Kirkland Signature Organic Chicken Stock	CHICKEN ORGANIC STOCK, CHICKEN
2475252	Kirkland Signature Chocolate Banana Almond Milk	CHOCOLATE BANANA ALMOND NON-DAIRY BEVERAGE, CHOCOLATE BANANA ALMOND
2435961	Kirkland Signature Organic Greens 100% Juice	ORGANIC GREENS 100% JUICE
2422901	Kirkland Signature California Sliced Almonds	CALIFORNIA SLICED ALMONDS
2419223	Kirkland Signature Organic Whole Green Beans	ORGANIC WHOLE GREEN BEANS
2394543	Kirkland Signature Fruit & Veggie Pouch, Apple Mango	APPLE MANGO YELLOW CARROT PEACH FRUIT & VEGETABLE POUCHES, APPLE MANGO YELLOW CARROT PEACH
2365872	Kirkland Signature Chocolate Almond Ice Cream Bar	CHOCOLATE FLAVORED COATING AND ROASTED ALMONDS ICE CREAM BARS, CHOCOLATE FLAVORED COATING AND ROASTED ALMONDS
2278306	Kirkland Signature Peanut Butter Pretzel Nuggets	VALENCIA PEANUT BUTTER FILLED PRETZEL NUGGETS PRETZELS, PEANUT BUTTER
2178037	Kirkland Signature Organic Broccoli Florets	ORGANIC BROCCOLI FLORETS
2165182	Kirkland Signature Peanut Butter Candy Pieces	PEANUT BUTTER CANDY IN A CRUNCHY SHELL PIECES, PEANUT BUTTER
2158230	Kirkland Signature Tortilla Strips	TORTILLA STRIPS
2158147	Kirkland Signature Part Skim Mozzarella	MOZZARELLA LOW MOISTURE PART SKIM CHEESE, MOZZARELLA
2141290	Kirkland Signature Ginger Lemonade Kombucha	GINGER LEMONADE KOMBUCHA, KOMBUCHA
2134434	Kirkland Signature Unsweetened Vanilla Almond Milk	VANILLA UNSWEETENED ALMOND NON-DAIRY BEVERAGE, VANILLA, UNSWEETENED
2115348	Kirkland Signature Whole Blueberries	WHOLE BLUEBERRIES
2104735	Kirkland Signature Unfiltered Apple Juice	UNFILTERED APPLE JUICE
2083100	Kirkland Signature Balsamic Vinaigrette	BALSAMIC VINAIGRETTE
2076433	Kirkland Signature Cashew Almond Nut & Fruit Crisp	CASHEW - ALMOND NUT & FRUIT CRISP
2076179	Kirkland Signature Organic Oven-dried Roma Tomatoes	OVEN-DRIED ORGANIC ROMA TOMATOES
2063385	Kirkland Signature Organic Low Fat Milk	ORGANIC LOW FAT MILK
2063384	Kirkland Signature Dried Pork Strips	PREMIUM CUT & DRIED PORK STRIPS
2060621	Kirkland Signature Strawberry Spread	KIRKLAND SIGNATURE, STRAWBERRY SPREAD
2051091	Kirkland Signature Sahale Cashew Pistachio Nut Crisp	KIRKLAND SIGNATURE, SAHALE SNACKS, CASHEW-PISTACHIO NUT CRISP WITH LEMON APPLES, CRANBERRIES & BLUEBERRIES
2042355	Kirkland Signature Organic Pine Nuts	ORGANIC PINE NUTS
1996253	Kirkland Signature Semi-sweet Chocolate Chips	SEMI-SWEET CHOCOLATE CHIPS, SEMI-SWEET CHOCOLATE
1907575	Kirkland Signature 100% Grape Juice	100% JUICE, GRAPE
1881857	Kirkland Signature Dark Chocolate Coconut Cashews	KIRKLAND SIGNATURE, FLAVORED CASHEWS, DARK CHOCOLATE TOASTED COCONUT, DARK CHOCOLATE TOASTED COCONUT
1878864	Kirkland Signature Cranberry Cherry Juice Blend	BLEND OF 9 JUICES FROM CONCENTRATE, CRANBERRY, CHERRY
1878189	Kirkland Signature Fuji Apple Slices	FUJI APPLE SLICES, REAL FRUIT
1859219	Kirkland Signature Blueberry Pecan Cereal	CEREAL, BLUEBERRY PECAN
1850573	Kirkland Signature Unsalted Whole Cashews	WHOLE FANCY UNSALTED CASHEWS, UNSALTED
577683	Kirkland Signature Organic Hard-boiled Eggs	ORGANIC HARD-BOILED EGGS
2631987	Lucerne Whole Milk	WHOLE MILK
2631986	Lucerne 2% Reduced Fat Milk	2% REDUCED FAT MILK
2631983	Lucerne 1% Lowfat Milk	1% LOWFAT MILK
2658478	Lucerne Fat Free Milk	FAT FREE MILK
1920299	Lucerne 1% Lowfat Milk, Chocolate	1% LOWFAT MILK, CHOCOLATE
2495731	Lucerne Half & Half	HALF & HALF
2599897	Lucerne Heavy Whipping Cream	HEAVY WHIPPING CREAM
2415722	Lucerne Sour Cream	SOUR CREAM
2483998	Lucerne Light Sour Cream	LIGHT SOUR CREAM, LIGHT
2617703	Lucerne 4% Large Curd Cottage Cheese	4% LARGE CURD COTTAGE CHEESE
2340526	Lucerne Lowfat Cottage Cheese	LOWFAT COTTAGE CHEESE
2422172	Lucerne Cream Cheese	CREAM CHEESE
2617707	Lucerne Salted Butter	SALTED BUTTER, SALTED
2495737	Lucerne Unsalted Butter	UNSALTED BUTTER, UNSALTED
2462426	Lucerne Sharp Shredded White Cheddar Cheese	SHARP SHREDDED WHITE CHEDDAR CHEESE
2462238	Lucerne Shredded Mozzarella	MOZZARELLA LOW-MOISTURE SHREDDED CHEESE, MOZZARELLA
2101796	Lucerne Finely Shredded Mexican 4 Cheese Blend	FINELY SHREDDED MEXICAN 4 CHEESE BLEND
2433047	Lucerne String Cheese	STRING CHEESE
2460928	Lucerne Provolone Cheese Slices	PROVOLONE CHEESE SLICES, PROVOLONE
1884517	Lucerne Pepper Jack Cheese Slices	LUCERNE, SLICES CHEESE, PEPPER JACK, PEPPER JACK
2432879	Lucerne Grated Parmesan Cheese	GRATED PARMESAN CHEESE
2479703	Lucerne Colby Jack Cheese Cubes	COLBY JACK COLBY CHEESE & MONTEREY JACK CHEESE CUBES, COLBY JACK
2426131	Lucerne Swiss Cheese Slices	SWISS CHEESE SLICES, SWISS
2102503	Lucerne Medium Cheddar Cheese Slices	MEDIUM CHEDDAR CHEESE SLICES
2617706	Lucerne Plain Greek Nonfat Yogurt	PLAIN GREEK NONFAT YOGURT, PLAIN
2667445	Lucerne Nonfat Vanilla Greek Yogurt	NONFAT VANILLA GREEK YOGURT, NONFAT VANILLA
2572830	Lucerne Strawberry Yogurt	STRAWBERRY YOGURT, STRAWBERRY
1724381	Lucerne Large Eggs	LARGE EGGS
2631975	Lucerne Liquid Egg Whites	LIQUID EGG WHITES
1939496	Lucerne Ice Cream, Vanilla	ICE CREAM, VANILLA
1939500	Lucerne Ice Cream, Chocolate	ICE CREAM, CHOCOLATE
2522646	Lucerne Original Whipped Topping	ORIGINAL WHIPPED TOPPING, ORIGINAL
2631988	Lucerne French Vanilla Coffee Creamer	FRENCH VANILLA COFFEE CREAMER, FRENCH VANILLA
2675895	Signature Select White Bread	WHITE BREAD, WHITE
2477614	Signature Select 100% Whole Wheat Bread	100% WHOLE WHEAT BREAD
2675919	Signature Select Hamburger Buns	HAMBURGER BUNS
2658726	Signature Select Hot Dog Buns	HOT DOG BUNS
1952241	Signature Select Plain Bagels	6 SLICED BAGELS, PLAIN
2641789	Signature Select Plain English Muffins	PLAIN ENGLISH MUFFINS, PLAIN
2415715	Signature Select Flour Fajita Size Tortillas	FLOUR FAJITA SIZE TORTILLAS, FLOUR
2415717	Signature Select White Corn Tortillas	WHITE CORN TORTILLAS, WHITE CORN
2617798	Signature Select Restaurant Style Tortilla Chips	RESTAURANT STYLE TORTILLA CHIPS, RESTAURANT STYLE
2422623	Signature Select Original Kettle Cooked Potato Chips	ORIGINAL KETTLE COOKED POTATO CHIPS, ORIGINAL
2422624	Signature Select Salt & Pepper Kettle Chips	SEA SALT & PEPPER FLAVORED KETTLE COOKED POTATO CHIPS, SEA SALT & PEPPER
2423335	Signature Select Pretzel Mini Twists	PRETZEL MINI TWISTS, PRETZEL
2102359	Signature Select Creamy Peanut Butter	CREAMY PEANUT BUTTER
2617653	Signature Select Clover Honey	CLOVER HONEY, CLOVER
2486527	Signature Select Spaghetti	ENRICHED MACARONI PRODUCT, SPAGHETTI
2460177	Signature Select Mini Penne	ENRICHED MACARONI PRODUCT, MINI PENNE
2482309	Signature Select Elbow Macaroni	ENRICHED MACARONI PRODUCT, SMALL ELBOW MACARONI
2121752	Signature Select Marinara Pasta Sauce	MARINARA PASTA SAUCE, MARINARA
2365659	Signature Select Microwave Mac & Cheese	MACARONI & CHEESE MICROWAVEABLE DINNER
2453364	Signature Select Brown Whole Grain Rice	BROWN WHOLE GRAIN RICE, BROWN
2675152	Signature Select Old-fashioned Oats	OLD-FASHIONED OATS, OLD-FASHIONED
2675905	Signature Select Maple & Brown Sugar Instant Oatmeal	MAPLE & BROWN SUGAR INSTANT OATMEAL, MAPLE & BROWN SUGAR
2476140	Signature Select Toasted Oats Cereal	TOASTED OATS CEREAL
2675945	Signature Select Frosted Flakes Cereal	FROSTED FLAKES SWEETENED FLAKES OF CORN CEREAL, FROSTED FLAKES
2675147	Signature Select Raisin Bran Cereal	RAISIN BRAN WHEAT & BRAN CEREAL WITH RAISINS, RAISIN BRAN
2658611	Signature Select Granola	GRANOLA
2495927	Signature Select Black Beans	BLACK BEANS, BLACK
2338267	Signature Select Pinto Beans	PINTO BEANS
2424640	Signature Select Black Refried Beans	BLACK REFRIED BEANS, BLACK
2424297	Signature Select Red Kidney Beans	RED KIDNEY BEANS, RED KIDNEY
2424282	Signature Select Garbanzo Beans	GARBANZO BEANS, GARBANZO
2419442	Signature Select Diced Tomatoes	DICED TOMATOES
2675107	Signature Select Tomato Sauce	TOMATO SAUCE, TOMATO
2131770	Signature Select Fat Free Chicken Broth	CHICKEN FAT FREE BROTH, CHICKEN
2460045	Signature Select Chicken Noodle Condensed Soup	CHICKEN NOODLE CONDENSED SOUP, CHICKEN NOODLE
2658797	Signature Select Chunk Light Tuna in Water	CHUNK LIGHT TUNA IN WATER, CHUNK LIGHT IN WATER
2424302	Signature Select Chunk Chicken Breast in Water	CHUNK CHICKEN BREAST WITH RIB MEAT IN WATER, CHUNK
2600090	Signature Select Petite Broccoli Florets	PETITE BROCCOLI FLORETS
2658739	Signature Select Mixed Vegetables	MIXED VEGETABLES DICED CARROTS, YELLOW CORN, CUT GREEN BEANS, GREEN PEAS, MIXED VEGETABLES
2658455	Signature Select Sweet White Corn	SWEET WHITE CORN, SWEET
2658767	Signature Select Cut Green Beans	GREEN BEANS CUT
2381724	Signature Select Whole Strawberries	WHOLE STRAWBERRIES
2431216	Signature Select Blueberries	BLUEBERRIES
2461499	Signature Select Mango Chunks	MANGO CHUNKS
2404316	Signature Select Chicken Nuggets	FULLY COOKED NUGGET SHAPED BREADED CHICKEN PATTIES, CHICKEN NUGGETS
2126416	Signature Select Spaghetti with Meatballs	SPAGHETTI WITH MEATBALLS
2675876	Signature Select Pizza, Pepperoni	PIZZA, PEPPERONI
2484483	Signature Select Homestyle Waffles	HOMESTYLE WAFFLES, HOMESTYLE
2675121	Signature Select Buttermilk Pancakes	BUTTERMILK PANCAKES, BUTTERMILK
2572810	Signature Select Peppermint Ice Cream Sandwich	PEPPERMINT ICE CREAM WITH CHOCOLATY WAFERS SANDWICHES, PEPPERMINT
2495739	Signature Select Fudge Frozen Dairy Dessert Bars	FUDGE FROZEN DAIRY DESSERT BARS, FUDGE
2049929	Signature Select Chocolate Chip Cookies	CHOCOLATE CHIP COOKIES
2210253	Signature Select Chocolate Tuxedo's Sandwich Cookies	CHOCOLATE TUXEDO'S SANDWICH COOKIES, CHOCOLATE
2675094	Signature Select Honey Graham Crackers	HONEY GRAHAM CRACKERS, HONEY
2675089	Signature Select Original Saltine Crackers	ORIGINAL SALTINE CRACKERS, ORIGINAL
2658662	Signature Select Original Animal Crackers	ORIGINAL ANIMAL CRACKERS, ORIGINAL
2165500	Signature Select Strawberry Fruit Flavored Snacks	STRAWBERRY FRUIT FLAVORED SNACKS, STRAWBERRY
1915898	Signature Select Trail Mix, Sriracha	TRAIL MIX, SRIRACHA
2654629	Signature Select Raw Whole Almonds	RAW WHOLE ALMONDS
1876424	Signature Select Whole Cashews, Coconut	WHOLE CASHEWS, COCONUT
2040960	Signature Select Deluxe Mixed Nuts	DELUXE MIXED NUTS
2600124	Signature Select Dry Roasted Peanuts	DRY ROASTED PEANUTS, DRY ROASTED
2654551	Signature Select Roasted Salted Sunflower Kernels	ROASTED SALTED SUNFLOWER KERNELS, ROASTED SALTED
2572997	Signature Select Seedless Raisins	SEEDLESS RAISINS
2632144	Signature Select Dried Cranberries	DRIED CRANBERRIES
2416645	Signature Select Sliced Peaches	SLICED PEACHES
2425194	Signature Select Mandarin Oranges in Juice	MANDARIN ORANGES IN 100% FRUIT JUICE, FRUIT JUICE
2572967	Signature Select Tomato Ketchup	TOMATO KETCHUP, TOMATO
2275708	Signature Select Yellow Mustard	YELLOW FAT FREE TRADITIONAL MUSTARD, YELLOW
2522672	Signature Select Ranch Dressing & Dip	RANCH DRESSING & DIP, RANCH
2545227	Signature Select Italian Dressing & Marinade	ITALIAN DRESSING & MARINADE, ITALIAN
2102967	Signature Select Korean Barbecue Simmer Sauce	KOREAN BARBECUE SIMMER SAUCE
2540873	Signature Select Medium Chunky Salsa	MEDIUM CHUNKY CLASSIC FLAVORED SALSA, MEDIUM CHUNKY CLASSIC
2452153	Signature Select Soy Sauce	SOY SAUCE, SOY
2675947	Signature Select Extra Virgin Olive Oil	EXTRA VIRGIN OLIVE OIL
1538040	Signature Select Mini Semi-sweet Chocolate Chips	MINI SEMI-SWEET CHOCOLATE CHIPS
2382523	Signature Select Extra Butter Microwave Popcorn	EXTRA BUTTER FLAVORED MICROWAVE POPCORN, EXTRA BUTTER
2432953	Signature Select Cola Soda	COLA SODA
2522654	Signature Select Lemonade	LEMONADE
2416554	Signature Select Apple Juice	APPLE JUICE, APPLE
2416551	Signature Select Cranberry Juice Cocktail	CRANBERRY JUICE COCKTAIL, CRANBERRY
2573047	Signature Select Honey Ham	HONEY HAM, HONEY
2146819	Signature Select Uncured Canadian Bacon	NATURALLY HARDWOOD SMOKED UNCURED CANADIAN BACON, HARDWOOD SMOKED
2101534	Signature Select Beef Franks	BEEF FRANKS
2658792	Signature Select Original Sliced Pepperoni	ORIGINAL SLICED PEPPERONI, ORIGINAL
2387488	Signature Select Genoa Salami	GENOA SALAMI FINELY GROUND & LIGHTLY SEASONED WITH WHOLE BLACK PEPPERCORNS, WHOLE BLACK PEPPERCORNS
2062460	Signature Select Cheese Pizza	CHEESE PIZZA, CHEESE
2429638	Signature Select Chicken & Fettuccine Alfredo	CHICKEN & FETTUCCINE ALFREDO
2415643	Signature Select Teriyaki Sauce & Marinade	TERIYAKI SAUCE & MARINADE, TERIYAKI
2434161	Signature Select Whole Pickles, Kosher Dill	WHOLE PICKLES, KOSHER DILL
2547972	Signature Select Classic Hummus	CLASSIC HUMMUS, CLASSIC
2631980	Signature Select Mild Traditional Guacamole	MILD TRADITIONAL GUACAMOLE, MILD TRADITIONAL
2126891	Signature Farms Boneless Skinless Chicken Breasts	BONELESS SKINLESS CHICKEN BREASTS WITH RIB MEAT
2099245	Signature Farms Boneless Skinless Chicken Thighs	BONELESS SKINLESS CHICKEN THIGHS
2486829	Signature Farms 80% Lean/20% Fat Ground Beef	80% LEAN/20% FAT GROUND BEEF
2486828	Signature Farms 93% Lean/7% Fat Ground Beef	93% LEAN/7% FAT GROUND BEEF
2377936	Signature Farms 93% Lean/7% Fat Ground Turkey	93% LEAN/7% FAT GROUND TURKEY
2600212	Signature Farms Peeled Baby-cut Carrots	PEELED BABY-CUT CARROTS
2378157	Signature Farms 50/50 Mix Spinach, Spring Mix	50/50 MIX SPINACH, SPRING MIX, 50/50 MIX
2377960	Signature Farms Romaine Salad Mix	PREMIUM ROMAINE LETTUCE, CARROTS, RED CABBAGE SALAD, PREMIUM ROMAINE
2572955	Signature Farms Broccoli Florets	BROCCOLI FLORETS
2485873	Signature Farms Baby Spinach	BABY SPINACH
2600214	Signature Farms Broccoli Coleslaw	BROCCOLI, CARROTS AND RED CABBAGE COLESLAW, BROCCOLI
2276532	Signature Farms Caprese Salad Bowl	CAPRESE BABY ARUGULA, BABY SPINACH, BABY LETTUCES, GRAPE TOMATOES, AND MOZZARELLA CHEESE PEARLS WITH BASIL BALSAMIC VINAIGRETTE SALAD CAFE BOWL, CAPRESE
2092142	Signature Cafe BLT Salad with Chicken	BLT SALAD WITH CHICKEN
2617657	Signature Cafe Macaroni Salad	CLASSIC MACARONI WITH SWEET PICKLE RELISH, CELERY & BELL PEPPERS IN A CREAMY MAYONNAISE DRESSING SALAD, CLASSIC MACARONI
2658462	Signature Cafe Potato Salad	POTATO SALAD
2632026	Signature Cafe Chicken Noodle Soup	CHICKEN NOODLE SOUP, CHICKEN NOODLE
2654549	Signature Cafe Broccoli Cheddar Soup	BROCCOLI CHEDDAR SOUP, BROCCOLI CHEDDAR
1968060	Signature Cafe Pacific Coast Clam Chowder	PACIFIC COAST CLAM CHOWDER, PACIFIC COAST CLAM
2120311	Signature Cafe Queso Macaroni & Cheese	QUESO MACARONI & CHEESE
2146857	Signature Cafe Caesar Salad with Chicken	CAESAR SALAD WITH CHICKEN, CAESAR
2123161	Signature Cafe Turkey Club Sandwich Wrap	TURKEY CLUB SANDWICH WRAP
1945834	Signature Cafe Sandwich Wrap, Chicken Caesar	SANDWICH WRAP, CHICKEN CAESAR
2064381	Signature Cafe Fiesta Chicken Tortilla Soup	FIESTA CHICKEN TORTILLA SOUP
2399151	Signature Cafe Shredded Rotisserie Chicken Breast	ROTISSERIE CHICKEN SHREDDED BREAST MEAT, ROTISSERIE CHICKEN
2113759	Signature Cafe Meatloaf with Mashed Potatoes	MEATLOAF WITH MASHED POTATOES
2031217	Signature Cafe Asian Chicken Salad	ASIAN STYLE WITH WHITE MEAT CHICKEN ASIAN INSPIRED SLAW, WHITE MEAT CHICKEN, ROMAINE, MANDARIN ORANGES, CRISPY RICE NOODLES AND ALMONDS WITH SESAME GINGER DRESSING SALAD, ASIAN STYLE
2477336	Signature Cafe Potato Salad, Deviled Egg	POTATO SALAD, DEVILED EGG
2656985	O Organics Whole Milk	WHOLE MILK
2624181	O Organics 2% Reduced Fat Milk	2% REDUCED FAT MILK
1541982	O Organics Large Brown Eggs	O ORGANICS, LARGE BROWN EGGS
2505633	O Organics Plain Nonfat Greek Yogurt	PLAIN NONFAT GREEK YOGURT, PLAIN
2505627	O Organics Salted Sweet Cream Butter	SALTED SWEET CREAM BUTTER, SALTED
2477643	O Organics Medium White Cheddar Cheese	MEDIUM WHITE CHEDDAR CHEESE
2656989	O Organics Baby Spinach	BABY SPINACH
2603817	O Organics Spring Mix	SPRING MIX, SPRING
2386583	O Organics Peeled Baby-cut Carrots	PEELED BABY-CUT CARROTS
2505635	O Organics Black Beans	ORGANIC BLACK BEANS
2505636	O Organics Garbanzo Beans	ORGANIC GARBANZO BEANS
2603864	O Organics Spaghetti	ORGANIC MACARONI PRODUCT, SPAGHETTI
2032670	O Organics Pasta Sauce, Marinara	ORGANIC PASTA SAUCE, MARINARA
2668661	O Organics Creamy Peanut Butter Spread	CREAMY PEANUT BUTTER SPREAD, CREAMY
2624184	O Organics Raw & Unfiltered Honey	RAW & UNFILTERED HONEY
2160760	O Organics 100% Pure Maple Syrup	ORGANIC 100% PURE MAPLE SYRUP, MAPLE
2634447	O Organics Old Fashioned Oats	OLD FASHIONED OATS, OLD FASHIONED
2505521	O Organics Oats & Honey Granola	OATS & HONEY GRANOLA, OATS & HONEY
2400113	O Organics Quinoa	ORGANIC QUINOA
2505665	O Organics Brown Rice	ORGANIC BROWN RICE
1906734	O Organics Broth, Chicken	ORGANIC BROTH, CHICKEN
2603858	O Organics Diced Tomatoes	DICED TOMATOES
2383224	O Organics Blueberries	ORGANIC BLUEBERRIES
2630496	O Organics Bananas & Strawberries Sliced	BANANAS & STRAWBERRIES SLICED
2402164	O Organics Broccoli Florets	ORGANIC BROCCOLI FLORETS
2123543	O Organics Sweet Corn on the Cob	ORGANIC SUPER SWEET YELLOW CORN ON THE COB
2603856	O Organics Unfiltered Apple Juice	APPLE UNFILTERED JUICE, APPLE
2080624	O Organics Multi Grain & Seed Tortilla Chips	MULTI GRAIN & SEED ORGANIC TORTILLA CHIPS
2387788	O Organics Saltine Crackers	ORGANIC SALTINE CRACKERS
2474435	O Organics Unsweetened Almond Milk	UNSWEETENED ORIGINAL ORGANIC ALMONDMILK, UNSWEETENED ORIGINAL
2401317	O Organics 85/15 Ground Beef	85% LEAN | 15% FAT ORGANIC GROUND BEEF
2414347	O Organics Traditional Hummus	TRADITIONAL HUMMUS, TRADITIONAL
2411504	O Organics Mild Salsa	MILD ORGANIC SALSA, MILD
2131993	O Organics 100% Coconut Water	ORGANIC 100% COCONUT WATER
2120885	O Organics Bread with Raisins	ORGANIC BREAD WITH RAISINS
2112116	O Organics Oat and Fruit Bars	OAT AND FRUIT BARS
2434592	O Organics Macaroni & Cheese	ORGANIC MACARONI & CHEESE
2405837	Open Nature Boneless Skinless Chicken Breasts	BONELESS SKINLESS CHICKEN BREASTS
2411618	Open Nature 85/15 Grass Fed Ground Beef	85% LEAN/15% FAT 100% GRASS FED ANGUS GROUND BEEF
2128735	Open Nature Ground Turkey Patties	GROUND TURKEY PATTIES
2405839	Open Nature Jalapeno Flavored Uncured Bacon	JALAPENO FLAVORED UNCURED BACON, JALAPENO
2603854	Open Nature Slivered Almonds	SLIVERED ALMONDS
2630499	Open Nature Maple Pecan Granola	MAPLE PECAN GRANOLA, MAPLE PECAN
2415917	Open Nature Creamy Cashew Butter	CREAMY CASHEW BUTTER, CREAMY
2406377	Open Nature Italian Chicken Sausage	ITALIAN CHICKEN SAUSAGE, ITALIAN
2603816	Open Nature Atlantic Salmon	ATLANTIC SALMON
2102094	Primo Taglio Oven Roasted Shaved Turkey Breast	OVEN ROASTED SHAVED TURKEY BREAST
2572870	Primo Taglio Applewood Smoked Honey Ham	APPLEWOOD SMOKED HONEY HAM, APPLEWOOD SMOKED HONEY
2121448	Primo Taglio Lightly Seasoned Roast Beef	LIGHTLY SEASONED ROAST BEEF
2117030	Primo Taglio Genoa Salami	GENOA SALAMI
1945264	Primo Taglio Provolone Cheese	PROVOLONE CHEESE
2432449	Primo Taglio Pepper Jack Cracker Cut Slices	PEPPER JACK CRACKER CUT SLICES
2040414	Primo Taglio Mesquite Smoked Turkey Breast	PRIMO TAGLIO, MESQUITE SMOKED TURKEY BREAST
2572863	Primo Taglio Black Forest Ham	BLACK FOREST HAM, BLACK FOREST
2675917	Waterfront Bistro Jumbo Cooked Shrimp, Tail-on	PEELED & DEVEINED TAIL-ON JUMBO COOKED SHRIMP
2071484	Waterfront Bistro Raw Shrimp	RAW SHRIMP
2495780	Waterfront Bistro Atlantic Salmon Fillet	ATLANTIC SALMON FILLET
2464492	Waterfront Bistro Farm Raised Tilapia Fillets	FARM RAISED TILAPIA FILLETS
2495778	Waterfront Bistro Alaskan Wild Caught Cod Fillet	ALASKAN WILD CAUGHT COD FILLET, ALASKAN
2188935	Waterfront Bistro Crab Cakes	CRAB CAKES, CRAB
2092146	Waterfront Bistro Sea Scallops	SEA SCALLOPS
